"ED5","ED50","ED95","Site","Species","Genotype","Dataset","DW"
36.46,38.05,39.71,1,"AABR",1,"All",3.25
37.35,38.24,39.16,1,"AABR",2,"All",1.81
37.79,38.54,39.3,1,"AGLO",1,"All",1.51
37.54,38.31,39.09,1,"AGLO",2,"All",1.55
37.31,38.3,39.31,1,"AGLO",3,"All",2
35.17,37.67,40.34,1,"AGLO",4,"All",5.17
37.25,38.38,39.54,1,"AGLO",5,"All",2.29
37.85,38.47,39.1,1,"AGLO",6,"All",1.25
37.17,38.33,39.52,1,"AGLO",7,"All",2.35
36.92,38.48,40.1,1,"AGLO",8,"All",3.18
37.39,38.38,39.38,1,"AGLO",9,"All",1.99
37.96,38.75,39.56,1,"AHYA",1,"All",1.6
37.72,38.65,39.59,1,"ICRA",1,"All",1.87
37.85,38.81,39.8,1,"ICRA",2,"All",1.95
37.75,38.65,39.58,1,"ICRA",3,"All",1.83
37.59,38.36,39.14,1,"ICRA",4,"All",1.55
37.67,38.63,39.61,1,"ICRA",5,"All",1.94
37.73,38.37,39.02,1,"ICRA",6,"All",1.29000000000001
36.05,37.86,39.76,1,"ICRA",7,"All",3.71
35.76,38.09,40.58,1,"ICRA",8,"All",4.82
36.29,37.87,39.51,3,"AGLO",1,"All",3.22
36.63,38,39.41,3,"AGLO",2,"All",2.77999999999999
36.44,37.95,39.52,3,"AGLO",3,"All",3.08000000000001
36.19,37.88,39.64,3,"AGLO",4,"All",3.45
35.63,38.12,40.79,3,"AGLO",5,"All",5.16
34.81,37.08,39.49,3,"AGLO",6,"All",4.68
36.07,37.74,39.48,3,"AGLO",7,"All",3.41
35.88,37.91,40.06,3,"AGLO",8,"All",4.18
35.56,38.11,40.85,3,"ICRA",1,"All",5.29
35.33,37.79,40.42,3,"ICRA",2,"All",5.09
36.24,37.98,39.8,3,"ICRA",3,"All",3.56
36.27,38.41,40.68,3,"ICRA",4,"All",4.41
36.33,38.2,40.16,3,"ICRA",5,"All",3.83
36.71,38.05,39.44,3,"ICRA",6,"All",2.73
35.82,37.89,40.08,3,"ICRA",7,"All",4.26
35.9,38.27,40.8,3,"ICRA",8,"All",4.9
36.64,38.04,39.49,3,"AHYA",1,"All",2.85
36.06,37.86,39.76,3,"AHYA",2,"All",3.7
35.88,37.68,39.57,3,"AABR",1,"All",3.69
35.54,37.39,39.35,3,"AABR",2,"All",3.81
36.29,38.38,40.58,4,"AHYA",1,"All",4.29
37.55,38.58,39.63,4,"AHYA",2,"All",2.08000000000001
36.48,38.14,39.87,4,"AABR",1,"All",3.39
35.62,38.15,40.86,4,"AABR",2,"All",5.24
36.79,37.91,39.05,4,"AGLO",1,"All",2.26
37.22,38.54,39.91,4,"AGLO",2,"All",2.69
37.76,38.45,39.16,4,"AGLO",3,"All",1.4
36.57,38.43,40.39,4,"AGLO",4,"All",3.82
36.87,38.32,39.82,4,"AGLO",5,"All",2.95
38.09,38.41,38.73,4,"AGLO",6,"All",0.639999999999993
35.04,38.33,41.94,4,"AGLO",7,"All",6.9
37.4,38.42,39.46,4,"AGLO",8,"All",2.06
36.39,38.42,40.56,4,"ICRA",1,"All",4.17
36.59,38.33,40.14,4,"ICRA",2,"All",3.55
37.52,38.54,39.58,4,"ICRA",3,"All",2.06
36.75,38.34,40,4,"ICRA",4,"All",3.25
36.73,38.66,40.69,4,"ICRA",5,"All",3.96
37.46,38.33,39.22,4,"ICRA",6,"All",1.76
37.28,38.52,39.8,4,"ICRA",7,"All",2.52
37.69,38.7,39.73,4,"ICRA",8,"All",2.04
36.08,37.7,39.39,5,"AHYA",1,"All",3.31
36.18,37.92,39.75,5,"AHYA",2,"All",3.57
35.96,37.5,39.1,5,"AABR",1,"All",3.14
35.57,37.47,39.48,5,"AABR",2,"All",3.91
36.38,38.36,40.45,5,"ICRA",1,"All",4.07
35.57,37.78,40.12,5,"ICRA",2,"All",4.55
36.4,38.38,40.47,5,"ICRA",3,"All",4.07
36.14,38.05,40.06,5,"ICRA",4,"All",3.92
34.89,37.91,41.19,5,"ICRA",5,"All",6.3
36.38,37.89,39.47,5,"ICRA",6,"All",3.09
35.5,38.07,40.83,5,"ICRA",7,"All",5.33
36.48,37.81,39.2,5,"ICRA",8,"All",2.72000000000001
36.15,37.99,39.92,5,"ICRA",9,"All",3.77
36.37,38.06,39.83,5,"ICRA",10,"All",3.46
36.06,37.62,39.26,5,"ICRA",11,"All",3.2
36.49,37.97,39.51,5,"ICRA",12,"All",3.02
36.45,38.58,40.83,5,"ICRA",13,"All",4.38
36.56,38.53,40.6,5,"ICRA",14,"All",4.04
36.47,38.14,39.9,5,"ICRA",15,"All",3.43
36.37,38.25,40.22,5,"ICRA",16,"All",3.85
37.07,38.37,39.71,7,"AABR",1,"All",2.64
37.18,38.4,39.67,7,"AABR",2,"All",2.49
36.78,38.42,40.14,7,"AABR",3,"All",3.36
36.38,38.14,39.98,7,"AABR",4,"All",3.59999999999999
35.75,37.77,39.91,7,"AABR",5,"All",4.16
36.31,37.97,39.7,7,"AABR",6,"All",3.39
37.03,38.12,39.24,7,"AHYA",1,"All",2.21
35.64,37.83,40.14,7,"AGLO",1,"All",4.5
36.29,38.03,39.86,7,"AGLO",2,"All",3.57
37.51,38.5,39.53,7,"AGLO",3,"All",2.02
35.01,37.66,40.51,7,"AGLO",4,"All",5.5
36.37,37.83,39.34,7,"AGLO",5,"All",2.97000000000001
37.59,38.49,39.42,7,"AGLO",6,"All",1.83
37.54,38.57,39.64,7,"AGLO",7,"All",2.1
35.58,37.94,40.46,7,"AGLO",8,"All",4.88
37.15,38.23,39.35,7,"AGLO",9,"All",2.2
36.77,38.22,39.72,7,"AGLO",10,"All",2.95
36.25,38.2,40.25,7,"AGLO",11,"All",4
35.66,37.4,39.22,9,"AABR",1,"All",3.56
35.75,37.78,39.91,9,"AGLO",1,"All",4.16
36.14,37.94,39.82,9,"AGLO",2,"All",3.68
36.64,37.98,39.37,9,"AGLO",3,"All",2.73
33.95,37.33,41.03,9,"AGLO",4,"All",7.08
36.66,38.07,39.53,9,"AGLO",5,"All",2.87
34.6,37.52,40.68,9,"AGLO",6,"All",6.08
35.22,37.48,39.87,9,"AGLO",7,"All",4.65
38.45,38.69,38.92,9,"AGLO",8,"All",0.469999999999999
37.7,38.5,39.31,9,"AHYA",1,"All",1.61
36.28,37.93,39.65,9,"AHYA",2,"All",3.37
36.17,37.8,39.5,9,"AHYA",3,"All",3.33
36.13,37.96,39.88,9,"AHYA",4,"All",3.75
35.67,37.8,40.06,9,"AHYA",5,"All",4.39
35.95,37.85,39.85,9,"ICRA",1,"All",3.9
36.69,38.2,39.78,9,"ICRA",2,"All",3.09
36.36,37.97,39.66,9,"ICRA",3,"All",3.3
36.58,38.29,40.09,9,"ICRA",4,"All",3.51000000000001
37.52,38.4,39.29,9,"ICRA",5,"All",1.77
36.88,38.2,39.57,9,"ICRA",6,"All",2.69
36.33,38.89,41.64,10,"AHYA",1,"All",5.31
34.47,38.73,43.53,10,"AHYA",2,"All",9.06
34.77,37.76,41.01,10,"AABR",1,"All",6.23999999999999
35.68,37.66,39.75,10,"AABR",2,"All",4.07
34.71,37.93,41.45,10,"AGLO",1,"All",6.74
34.63,38.34,42.44,10,"AGLO",2,"All",7.81
34.08,38.07,42.52,10,"AGLO",3,"All",8.44
35.11,37.9,40.91,10,"AGLO",4,"All",5.8
33.59,37.99,42.97,10,"AGLO",5,"All",9.38
34.17,37.61,41.4,10,"AGLO",6,"All",7.23
35.05,38.08,41.37,10,"ICRA",1,"All",6.32
34.43,37.86,41.64,10,"ICRA",2,"All",7.21
35.49,38.05,40.8,10,"ICRA",3,"All",5.31
34.97,38.08,41.46,10,"ICRA",4,"All",6.49
35.02,37.75,40.7,10,"ICRA",5,"All",5.68
35.68,38.66,41.89,10,"ICRA",6,"All",6.21
35.61,38.43,41.46,10,"ICRA",7,"All",5.85
35.07,38.39,42.02,10,"ICRA",8,"All",6.95
35.67,38.15,40.79,10,"ICRA",9,"All",5.12
35.93,38.3,40.83,10,"ICRA",10,"All",4.9
34.45,38.04,42,11,"AHYA",1,"All",7.55
36.96,37.7,38.45,11,"AHYA",2,"All",1.49
36.88,37.74,38.62,11,"AABR",1,"All",1.73999999999999
36.09,37.88,39.75,11,"AABR",2,"All",3.66
33.46,37.22,41.39,11,"ICRA",1,"All",7.93
33.52,37.22,41.33,11,"ICRA",2,"All",7.81
36.54,38.7,40.99,11,"ICRA",3,"All",4.45
36.36,37.81,39.32,11,"ICRA",4,"All",2.96
34.32,37.27,40.47,11,"ICRA",5,"All",6.15
35.21,37.43,39.8,11,"ICRA",6,"All",4.59
35.98,37.49,39.06,11,"ICRA",7,"All",3.08000000000001
36.53,37.54,38.58,11,"ICRA",8,"All",2.05
35.78,37.71,39.75,11,"AGLO",1,"All",3.97
36.82,38.38,40.01,11,"AGLO",2,"All",3.19
36.28,37.72,39.22,11,"AGLO",3,"All",2.94
36.28,38.06,39.94,11,"AGLO",4,"All",3.66
35.6,37.53,39.57,11,"AGLO",5,"All",3.97
36.91,38.49,40.14,11,"AGLO",6,"All",3.23
35.86,38.18,40.65,11,"AGLO",7,"All",4.79
35.61,38.01,40.57,11,"AGLO",8,"All",4.96
