"","species","K_10","K_11","K_12","K_13","K_14","K_15","ED50"
"t1_aabr1","aabr","1","1","1","1","1","1",38.05
"t1_aabr2","aabr","2","2","2","2","2","2",38.24
"t1_aglo1","aglo","3","3","3","3","3","3",38.54
"t1_aglo2","aglo","3","3","3","3","3","3",38.31
"t1_aglo3","aglo","2","2","2","2","2","2",38.3
"t1_aglo4","aglo","1","1","1","1","1","1",37.67
"t1_aglo5","aglo","2","2","2","2","2","2",38.38
"t1_aglo6","aglo","2","2","2","2","2","2",38.47
"t1_aglo7","aglo","2","2","2","2","2","2",38.33
"t1_aglo8","aglo","3","3","3","3","3","3",38.48
"t1_aglo9","aglo","2","4","4","4","4","4",38.38
"t1_ahya1","ahya","2","2","2","2","2","2",38.75
"t1_icra1","icra","4","5","5","5","5","5",38.65
"t1_icra2","icra","4","5","5","5","5","5",38.81
"t1_icra3","icra","4","5","5","5","5","5",38.65
"t1_icra4","icra","5","6","6","6","6","6",38.36
"t1_icra5","icra","4","5","5","5","5","5",38.63
"t1_icra6","icra","5","6","6","6","6","6",38.37
"t1_icra7","icra","5","6","7","7","7","7",37.86
"t1_icra8","icra","4","5","5","5","5","5",38.09
"t10_aabr1","aabr","3","3","3","3","3","3",37.76
"t10_aabr2","aabr","1","1","1","1","1","1",37.66
"t10_aglo1","aglo","2","4","4","4","4","4",37.93
"t10_aglo2","aglo","2","2","2","2","2","2",38.34
"t10_aglo3","aglo","2","4","4","4","4","4",38.07
"t10_aglo4","aglo","2","2","2","2","2","2",37.9
"t10_aglo5","aglo","3","3","3","3","3","3",37.99
"t10_aglo6","aglo","3","3","3","3","3","3",37.61
"t10_ahya1","ahya","2","2","2","2","2","2",38.89
"t10_ahya2","ahya","2","2","2","2","2","2",38.73
"t10_icra1","icra","5","6","7","7","7","7",38.08
"t10_icra10","icra","6","7","8","8","8","8",38.3
"t10_icra2","icra","7","8","9","9","9","9",37.86
"t10_icra3","icra","6","7","8","8","8","8",38.05
"t10_icra4","icra","5","6","6","6","6","6",38.08
"t10_icra5","icra","5","6","6","6","6","6",37.75
"t10_icra6","icra","5","6","6","6","6","6",38.66
"t10_icra7","icra","5","6","7","7","7","7",38.43
"t10_icra8","icra","5","6","7","7","7","7",38.39
"t10_icra9","icra","5","6","7","7","7","7",38.15
"t11_aabr1","aabr","8","9","10","10","10","10",37.74
"t11_aabr2","aabr","8","9","10","10","10","10",37.88
"t11_aabr3","aabr","8","9","10","10","10","10",NA
"t11_aglo1","aglo","9","10","11","11","11","11",37.71
"t11_aglo2","aglo","9","10","11","11","12","12",38.38
"t11_aglo3","aglo","8","9","10","10","10","10",37.72
"t11_aglo4","aglo","9","10","11","11","12","12",38.06
"t11_aglo5","aglo","8","9","10","10","10","10",37.53
"t11_aglo6","aglo","9","10","11","11","11","11",38.49
"t11_aglo7","aglo","8","9","10","10","10","10",38.18
"t11_aglo8","aglo","8","9","10","10","10","10",38.01
"t11_aglo9","aglo","9","10","11","11","11","11",NA
"t11_ahya1","ahya","2","4","4","4","4","4",38.04
"t11_ahya2","ahya","2","4","4","4","4","4",37.7
"t11_icra1","icra","6","7","8","8","8","8",37.22
"t11_icra10","icra","2","4","4","4","4","4",NA
"t11_icra2","icra","6","7","8","8","8","8",37.22
"t11_icra3","icra","6","7","8","8","8","8",38.7
"t11_icra4","icra","6","7","8","8","8","8",37.81
"t11_icra5","icra","3","3","3","3","3","3",37.27
"t11_icra6","icra","6","7","8","8","8","8",37.43
"t11_icra7","icra","6","7","8","8","8","8",37.49
"t11_icra8","icra","3","3","3","3","3","3",37.54
"t11_icra9","icra","6","7","8","8","8","8",NA
"t3_aabr1","aabr","1","1","1","1","1","1",37.68
"t3_aabr2","aabr","3","3","3","3","3","3",37.39
"t3_aglo1","aglo","2","4","4","4","4","4",37.87
"t3_aglo2","aglo","3","3","3","3","3","3",38
"t3_aglo3","aglo","6","7","8","8","8","8",37.95
"t3_aglo4","aglo","3","3","3","3","3","3",37.88
"t3_aglo5","aglo","2","2","2","2","2","2",38.12
"t3_aglo6","aglo","2","4","4","4","4","4",37.08
"t3_aglo7","aglo","3","3","3","3","3","3",37.74
"t3_aglo8","aglo","3","3","3","3","3","3",37.91
"t3_ahya1","ahya","1","1","1","1","1","1",38.04
"t3_ahya2","ahya","2","4","4","4","4","4",37.86
"t3_icra1","icra","4","5","5","5","5","13",38.11
"t3_icra2","icra","10","11","12","12","13","14",37.79
"t3_icra3","icra","10","11","12","12","13","14",37.98
"t3_icra4","icra","10","11","12","12","13","14",38.41
"t3_icra5","icra","10","11","12","13","14","15",38.2
"t3_icra6","icra","10","11","12","12","13","14",38.05
"t3_icra7","icra","5","6","7","7","7","7",37.89
"t3_icra8","icra","10","11","12","12","13","14",38.27
"t4_aabr1","aabr","1","1","1","1","1","1",38.14
"t4_aabr2","aabr","1","1","1","1","1","1",38.15
"t4_aglo1","aglo","2","4","4","4","4","4",37.91
"t4_aglo2","aglo","2","4","4","4","4","4",38.54
"t4_aglo3","aglo","2","2","2","2","2","2",38.45
"t4_aglo4","aglo","1","1","1","1","1","1",38.43
"t4_aglo5","aglo","2","4","4","4","4","4",38.32
"t4_aglo6","aglo","1","1","1","1","1","1",38.41
"t4_aglo7","aglo","6","7","8","8","8","8",38.33
"t4_aglo8","aglo","2","2","2","2","2","2",38.42
"t4_ahya1","ahya","2","4","4","4","4","4",38.38
"t4_ahya2","ahya","2","4","4","4","4","4",38.58
"t4_icra1","icra","6","7","8","8","8","8",38.42
"t4_icra2","icra","10","11","12","13","14","15",38.33
"t4_icra3","icra","10","11","12","12","13","14",38.54
"t4_icra4","icra","5","6","7","7","7","7",38.34
"t4_icra5","icra","10","11","12","13","14","15",38.66
"t4_icra6","icra","10","11","12","12","13","14",38.33
"t4_icra7","icra","10","11","12","13","14","15",38.52
"t4_icra8","icra","4","5","5","5","5","13",38.7
"t5_aabr1","aabr","2","2","2","2","2","2",37.5
"t5_aabr2","aabr","2","4","4","4","4","4",37.47
"t5_ahya1","ahya","2","4","4","4","4","4",37.7
"t5_ahya2","ahya","2","4","4","4","4","4",37.92
"t5_icra1","icra","10","11","12","13","14","15",38.36
"t5_icra10","icra","4","5","5","5","5","13",38.06
"t5_icra11","icra","5","6","6","6","6","6",37.62
"t5_icra12","icra","5","6","7","7","7","7",37.97
"t5_icra13","icra","5","6","6","6","6","6",38.58
"t5_icra14","icra","4","5","5","5","5","13",38.53
"t5_icra15","icra","10","11","12","13","14","15",38.14
"t5_icra16","icra","10","11","12","13","14","15",38.25
"t5_icra2","icra","10","11","12","13","14","15",37.78
"t5_icra3","icra","10","11","12","13","14","15",38.38
"t5_icra4","icra","4","5","5","5","5","13",38.05
"t5_icra5","icra","5","6","7","7","7","7",37.91
"t5_icra6","icra","10","11","12","13","14","15",37.89
"t5_icra7","icra","5","6","7","7","7","7",38.07
"t5_icra8","icra","10","11","12","12","13","14",37.81
"t5_icra9","icra","10","11","12","13","14","15",37.99
"t7_aabr1","aabr","9","10","11","11","11","11",38.37
"t7_aabr2","aabr","9","10","11","11","11","11",38.4
"t7_aabr3","aabr","8","9","10","10","10","10",38.42
"t7_aabr4","aabr","9","10","11","11","11","11",38.14
"t7_aabr5","aabr","9","10","11","11","11","11",37.77
"t7_aabr6","aabr","9","10","11","11","11","11",37.97
"t7_aglo1","aglo","8","9","10","10","10","10",37.83
"t7_aglo10","aglo","8","9","10","10","10","10",38.22
"t7_aglo11","aglo","8","9","10","10","10","10",38.2
"t7_aglo2","aglo","9","10","11","11","11","11",38.03
"t7_aglo3","aglo","9","10","11","11","12","12",38.5
"t7_aglo4","aglo","8","9","10","10","10","10",37.66
"t7_aglo5","aglo","9","10","11","11","11","11",37.83
"t7_aglo6","aglo","9","10","11","11","11","11",38.49
"t7_aglo7","aglo","9","10","11","11","11","11",38.57
"t7_aglo8","aglo","8","9","10","10","10","10",37.94
"t7_aglo9","aglo","8","9","10","10","10","10",38.23
"t7_ahya1","ahya","3","3","3","3","3","3",38.12
"t9_aabr1","aabr","6","7","8","8","8","8",37.4
"t9_aabr2","aabr","3","3","3","3","3","3",NA
"t9_aglo1","aglo","1","1","1","1","1","1",37.78
"t9_aglo2","aglo","1","1","1","1","1","1",37.94
"t9_aglo3","aglo","2","2","2","2","2","2",37.98
"t9_aglo4","aglo","2","4","4","4","4","4",37.33
"t9_aglo5","aglo","3","3","3","3","3","3",38.07
"t9_aglo6","aglo","2","4","4","4","4","4",37.52
"t9_aglo7","aglo","2","2","2","2","2","2",37.48
"t9_aglo8","aglo","2","2","2","2","2","2",38.69
"t9_aglo9","aglo","2","4","4","4","4","4",NA
"t9_ahya1","ahya","1","1","1","1","1","1",38.5
"t9_ahya2","ahya","1","1","1","1","1","1",37.93
"t9_ahya3","ahya","1","1","1","1","1","1",37.8
"t9_ahya4","ahya","1","1","1","1","1","1",37.96
"t9_ahya5","ahya","2","4","4","4","4","4",37.8
"t9_icra1","icra","7","8","9","9","9","9",37.85
"t9_icra2","icra","5","6","7","7","7","7",38.2
"t9_icra3","icra","7","8","9","9","9","9",37.97
"t9_icra4","icra","4","5","5","5","5","13",38.29
"t9_icra5","icra","7","8","9","9","9","9",38.4
"t9_icra6","icra","7","8","9","9","9","9",38.2
