"","Genotype","Nt","BIC","ED50","ED50ci95","RMS_ED50dT","PhPh_Genotype"
"1","AABR_s01_c01",7,-16.4157226998935,38.0469798943394,0.420686792851529,4.03036201793912,"t1_aabr1"
"2","AABR_s01_c02",7,-13.2373420657963,38.2440972578673,0.339817724491577,4.16112254054995,"t1_aabr2"
"3","AGLO_s01_c01",7,-16.791185873536,38.5373757519301,0.299730136994072,4.36490772216029,"t1_aglo1"
"4","AGLO_s01_c02",7,-13.3099054425266,38.3063021444476,0.368304757745929,4.20346157055563,"t1_aglo2"
"5","AGLO_s01_c03",7,-11.8104315953042,38.2972265741341,0.40998216102957,4.19725355991322,"t1_aglo3"
"6","AGLO_s01_c04",7,-14.264404502442,37.6664229107922,0.605070676896135,3.79417110295758,"t1_aglo4"
"7","AGLO_s01_c05",7,-19.0729725250063,38.3780600445915,0.250042507592193,4.25290938042095,"t1_aglo5"
"8","AGLO_s01_c06",7,-20.874727342341,38.4657233531642,0.254387092138896,4.31416816027123,"t1_aglo6"
"9","AGLO_s01_c07",7,-20.7766502909819,38.3280016935818,0.23751239477218,4.21834694681449,"t1_aglo7"
"10","AGLO_s01_c08",7,-20.7017460454497,38.4790849603717,0.278086545140714,4.32358507603788,"t1_aglo8"
"11","AGLO_s01_c09",7,-19.2702834758555,38.376448173411,0.234340476583378,4.2517916699677,"t1_aglo9"
"12","AHYA_s01_c01",7,-9.65647796271065,38.7484576467468,0.573001575293757,4.51767635003565,"t1_ahya1"
"13","ICRA_s01_c01",7,-31.0834527055713,38.6486230769001,0.104454257512499,4.44482707424539,"t1_icra1"
"14","ICRA_s01_c02",7,-16.978690432477,38.8147943706535,0.291610749381591,4.56664657221507,"t1_icra2"
"15","ICRA_s01_c03",7,-17.7846879083515,38.6597849952617,0.290091735840128,4.45291996510203,"t1_icra3"
"16","ICRA_s01_c04",7,-10.3468748320927,38.3575927383692,0.502084193689402,4.23874048925981,"t1_icra4"
"17","ICRA_s01_c05",7,-19.1526753263076,38.6301145933431,0.255087319558067,4.43143698341034,"t1_icra5"
"18","ICRA_s01_c06",7,-16.2282491954125,38.3764106381842,0.359108065250277,4.25176564591363,"t1_icra6"
"19","ICRA_s01_c07",7,-14.6316508040578,37.8639739745061,0.535248736377841,3.9139418318092,"t1_icra7"
"20","ICRA_s01_c08",7,-12.1621056155622,38.0976330707542,0.729770107166749,4.06345236859155,"t1_icra8"
"21","AGLO_s03_c01",8,-39.4123176279558,37.8665992557594,0.0746975162542064,3.40784288864991,"t3_aglo1"
"22","AGLO_s03_c02",8,-20.4631691573653,37.9950520770529,0.217786221064452,3.47062051391774,"t3_aglo2"
"23","AGLO_s03_c03",8,-17.0808438461372,37.948769112793,0.320005348464664,3.44758125336874,"t3_aglo3"
"24","AGLO_s03_c04",8,-15.3900149753998,37.8750567214232,0.368756676313176,3.4118630318116,"t3_aglo4"
"25","AGLO_s03_c05",8,-19.9680524385219,38.1200574486102,0.394144032005961,3.53512586213029,"t3_aglo5"
"26","AGLO_s03_c06",8,-21.186954726489,37.0754808570865,0.393759621615305,3.11149781382155,"t3_aglo6"
"27","AGLO_s03_c07",8,-15.1120958184891,37.736199392636,0.37601700356877,3.34795290209879,"t3_aglo7"
"28","AGLO_s03_c08",8,-7.33048174111278,37.9165210548928,0.750301712792532,3.43180600069427,"t3_aglo8"
"29","ICRA_s03_c01",8,-33.5216398769117,38.1134449006141,0.178480028271177,3.53163232763895,"t3_icra1"
"30","ICRA_s03_c02",8,-31.8351405683151,37.7867114261794,0.204470856828957,3.37067975449321,"t3_icra2"
"31","ICRA_s03_c03",8,-23.8653933361851,37.9804677998882,0.250399510564,3.46331038263247,"t3_icra3"
"32","ICRA_s03_c04",8,-36.3215408884118,38.4124834813306,0.125659739912794,3.69815289124555,"t3_icra4"
"33","ICRA_s03_c05",8,-34.6547242280558,38.1971257766069,0.123538415807235,3.57649252619479,"t3_icra5"
"34","ICRA_s03_c06",8,-24.4177387991614,38.050025696509,0.203995131205551,3.49858435772136,"t3_icra6"
"35","ICRA_s03_c07",8,-27.4452603912701,37.8905619285715,0.230095543729437,3.4192752801549,"t3_icra7"
"36","ICRA_s03_c08",8,-26.1206166447831,38.2714681707213,0.256966960256847,3.61750377542847,"t3_icra8"
"37","AHYA_s03_c01",8,-16.4785816754807,38.039655391138,0.288964282211146,3.49326014190601,"t3_ahya1"
"38","AHYA_s03_c02",8,-20.1732520577105,37.8645562430769,0.280465344270822,3.40687420696134,"t3_ahya2"
"39","AABR_s03_c01",8,-26.0455369407062,37.6766599447355,0.21665950798911,3.32195102280464,"t3_aabr1"
"40","AABR_s03_c02",8,-23.175424125784,37.3937714398362,0.277717542913742,3.21064060688596,"t3_aabr2"
"41","AHYA_s04_c01",8,-18.6449006039126,38.3753396072731,0.355417413471141,3.67655660180063,"t4_ahya1"
"42","AHYA_s04_c02",8,-18.3612898750589,38.5760798175822,0.232215452177954,3.79613584026747,"t4_ahya2"
"43","AABR_s04_c01",8,-18.6084005693937,38.1368312321881,0.323116773441658,3.54402766619567,"t4_aabr1"
"44","AABR_s04_c02",8,-13.2013472534909,38.1498197113986,0.699028006357291,3.55095972038807,"t4_aabr2"
"45","AGLO_s04_c01",8,-16.5014098090221,37.9071187348635,0.276845630157229,3.42724999109134,"t4_aglo1"
"46","AGLO_s04_c02",8,-16.2309339538534,38.5429631803872,0.390554034532112,3.77593434087662,"t4_aglo2"
"47","AGLO_s04_c03",8,-14.9244656322751,38.4535036250975,0.236201602597677,3.72228803638537,"t4_aglo3"
"48","AGLO_s04_c04",8,-8.51872065326556,38.4335242665911,0.832506545056609,3.71049568424386,"t4_aglo4"
"49","AGLO_s04_c05",8,-14.2608795009132,38.3149710018743,0.36246690043196,3.64199193280019,"t4_aglo5"
"50","AGLO_s04_c06",8,-15.0696171340184,38.4007458733113,0.197861853774182,3.69130164190976,"t4_aglo6"
"51","AGLO_s04_c07",8,-10.2925830625575,38.3345987348346,1.02779021239385,3.65315642770386,"t4_aglo7"
"52","AGLO_s04_c08",8,-11.4188037688091,38.4172614050535,0.703141698718193,3.70094879697553,"t4_aglo8"
"53","ICRA_s04_c01",8,-21.7305872548317,38.416271178027,0.306993005425808,3.70036901088941,"t4_icra1"
"54","ICRA_s04_c02",8,-21.6044782677801,38.3244315136581,0.275914746184605,3.64736426818843,"t4_icra2"
"55","ICRA_s04_c03",8,-24.3700598283942,38.5369449460484,0.165304354620705,3.77228275534275,"t4_icra3"
"56","ICRA_s04_c04",8,-22.616779009326,38.3437755069506,0.239800685624678,3.65840072620621,"t4_icra4"
"57","ICRA_s04_c05",8,-25.5737721969982,38.6595674915613,0.241699689564335,3.84785855982115,"t4_icra5"
"58","ICRA_s04_c06",8,-21.332668863718,38.3240040165565,0.180185670806199,3.64712114697229,"t4_icra6"
"59","ICRA_s04_c07",8,-21.7313529024638,38.5238076487188,0.21192680457498,3.76433277266666,"t4_icra7"
"60","ICRA_s04_c08",8,-30.913823267142,38.6964693274101,0.099637224487374,3.8710737748018,"t4_icra8"
"61","AHYA_s05_c01",8,-26.6871063689734,37.6960354203557,0.193047273930829,3.33031806843178,"t5_ahya1"
"62","AHYA_s05_c02",8,-30.7670516542117,37.921551795166,0.146916453390114,3.43425179681436,"t5_ahya2"
"63","AABR_s05_c01",8,-29.2515525665253,37.4988138550261,0.159270013192691,3.24954397485326,"t5_aabr1"
"64","AABR_s05_c02",8,-9.97185203997068,37.4703763366322,0.739712742086183,3.23872172361441,"t5_aabr2"
"65","ICRA_s05_c01",8,-19.9406970567753,38.363151357794,0.346193873661516,3.66952430989995,"t5_icra1"
"66","ICRA_s05_c02",8,-27.4219477009197,37.7766792185452,0.263821363678111,3.3661178583552,"t5_icra2"
"67","ICRA_s05_c03",8,-33.0125426954681,38.3818854081304,0.147715916381568,3.68034446667689,"t5_icra3"
"68","ICRA_s05_c04",8,-27.4544883536783,38.0494070783913,0.197517806430473,3.49826611820265,"t5_icra4"
"69","ICRA_s05_c05",8,-25.1946903862382,37.9098458254447,0.379179413986996,3.42856940490435,"t5_icra5"
"70","ICRA_s05_c06",8,-28.9168774456582,37.8933492354459,0.166534924625379,3.42061349901455,"t5_icra6"
"71","ICRA_s05_c07",8,-28.373810335296,38.0725289181681,0.263746475393258,3.51021532922966,"t5_icra7"
"72","ICRA_s05_c08",8,-18.8977087977172,37.8143289429745,0.267583493089101,3.38336002249653,"t5_icra8"
"73","ICRA_s05_c09",8,-24.1067468959651,37.986593213784,0.244675181290051,3.46637505041802,"t5_icra9"
"74","ICRA_s05_c10",8,-29.2086256240348,38.0593123106144,0.164040931955042,3.50337138158959,"t5_icra10"
"75","ICRA_s05_c11",8,-19.1049048875626,37.6243446973008,0.356883724581058,3.29982171442623,"t5_icra11"
"76","ICRA_s05_c12",8,-23.6208720860587,37.9695206812207,0.201294932451437,3.45785357890495,"t5_icra12"
"77","ICRA_s05_c13",8,-0.691001306136835,53.4007669708525,NA,17.4111690500232,"t5_icra13"
"78","ICRA_s05_c14",8,-31.5720151748912,38.52616242486,0.155572249021974,3.76575561930731,"t5_icra14"
"79","ICRA_s05_c15",8,-38.9255180679596,38.1429999914589,0.0842253898600985,3.54731574118562,"t5_icra15"
"80","ICRA_s05_c16",8,-23.4024028324047,38.2463917566655,0.234956986730113,3.60355103281223,"t5_icra16"
"81","AABR_s07_c01",7,-16.9585586976809,38.3653169290354,0.314110176634825,4.24408167175615,"t7_aabr1"
"82","AABR_s07_c02",7,-17.7164531667537,38.4045704913796,0.292183794935946,4.27133767382956,"t7_aabr2"
"83","AABR_s07_c03",7,-20.6465614347549,38.4238976651492,0.271764673575874,4.28482606013035,"t7_aabr3"
"84","AABR_s07_c04",7,-17.690875121682,38.1388123170173,0.330371801561656,4.09061862991952,"t7_aabr4"
"85","AHYA_s07_c01",7,-31.6617684803266,38.1201959430984,0.0885224572425868,4.07830818222991,"t7_ahya1"
"86","AABR_s07_c05",7,-25.4585204576085,37.770432576341,0.23299515442216,3.85643212535544,"t7_aabr5"
"87","AABR_s07_c06",7,-20.9919940666007,37.9663586192421,0.2796306224264,3.97845685249607,"t7_aabr6"
"88","AGLO_s07_c01",7,-17.2417228916609,37.8263817869559,0.43511313797675,3.89066184817145,"t7_aglo1"
"89","AGLO_s07_c02",7,-18.7877741784784,38.0330159033931,0.341810482553563,4.02130403283186,"t7_aglo2"
"90","AGLO_s07_c03",7,-15.3387627929841,38.5031787495279,0.34047029581471,4.34061807581826,"t7_aglo3"
"91","AGLO_s07_c04",7,-8.81241416542834,37.6572680382347,1.03431475248938,3.7887786528069,"t7_aglo4"
"92","AGLO_s07_c05",7,-18.1784585555799,37.8252580085636,0.307651047418079,3.88996936552914,"t7_aglo5"
"93","AGLO_s07_c06",7,-24.8540950694981,38.4947130483251,0.169169007559529,4.33462565101373,"t7_aglo6"
"94","AGLO_s07_c07",7,-11.367962437186,38.5742124685105,0.46696328505365,4.39121995055926,"t7_aglo7"
"95","AGLO_s07_c08",7,-13.1979178813087,37.9431085080078,0.629269255599724,3.96366646249418,"t7_aglo8"
"96","AGLO_s07_c09",7,-11.0011755080385,38.2308620809073,0.563443054913173,4.15217870547614,"t7_aglo9"
"97","AGLO_s07_c10",7,-20.7784160371609,38.2154432549646,0.244201632699744,4.14178822234851,"t7_aglo10"
"98","AGLO_s07_c11",7,-21.2685437408423,38.198899999472,0.304306183677502,4.13067494397572,"t7_aglo11"
"99","AABR_s09_c01",8,-16.1975778787241,37.39732392476,0.47443637517834,3.21190787357399,"t9_aabr1"
"100","AGLO_s09_c01",8,-14.4677963458798,37.7754889819384,0.516823440281172,3.36557820203535,"t9_aglo1"
"101","AGLO_s09_c02",8,-35.4748851977147,37.9371343137238,0.111345801920127,3.44186318620369,"t9_aglo2"
"102","AGLO_s09_c03",8,-11.5731249180988,37.9774414175243,0.393705676331421,3.4617992216445,"t9_aglo3"
"103","AGLO_s09_c04",8,-11.8911740286268,37.3250593133801,1.10099120551804,3.18680914509881,"t9_aglo4"
"104","AGLO_s09_c05",8,-16.5397274549805,38.0688194495514,0.343845662112399,3.50829077900712,"t9_aglo5"
"105","AGLO_s09_c06",8,-5.04613340463302,37.5177592931603,1.60566145358541,3.25687175452064,"t9_aglo6"
"106","AGLO_s09_c07",8,-8.3313309387258,37.4732530165847,1.04293273365751,3.23980677550123,"t9_aglo7"
"107","AGLO_s09_c08",8,-8.67094191778827,38.69580978165,0.406220052934205,3.87065698402929,"t9_aglo8"
"108","AHYA_s09_c01",8,-13.5124611691236,38.499180238983,0.294023193736998,3.74950820074204,"t9_ahya1"
"109","AHYA_s09_c02",8,-7.06885764436221,37.9277599186103,0.60904101328793,3.43727775201469,"t9_ahya2"
"110","AHYA_s09_c03",8,-13.9001993022974,37.7980840702658,0.372365136452629,3.37587977994042,"t9_ahya3"
"111","AHYA_s09_c04",8,-15.5715256502902,37.9578312613624,0.383104262304147,3.45205556404974,"t9_ahya4"
"112","AHYA_s09_c05",8,-6.8520526301426,37.8030749252855,0.812742398226733,3.37817135793176,"t9_ahya5"
"113","ICRA_s09_c01",8,-15.1806700942832,37.8491168215807,0.58520392906715,3.39958447594148,"t9_icra1"
"114","ICRA_s09_c02",8,-20.9145738801959,38.2027854459803,0.287172646941371,3.57957693003411,"t9_icra2"
"115","ICRA_s09_c03",8,-20.3622939462358,37.9730208258321,0.31997584153839,3.4595954628036,"t9_icra3"
"116","ICRA_s09_c04",8,-15.5431242550453,38.2927233277255,0.41104840322978,3.6294240030112,"t9_icra4"
"117","ICRA_s09_c05",8,-21.4360602670235,38.395050157327,0.178137641799431,3.68798592424761,"t9_icra5"
"118","ICRA_s09_c06",8,-13.4425618017223,38.1996922775827,0.461827141565218,3.57789043673303,"t9_icra6"
"119","AHYA_s10_c01",8,-28.216939963656,38.8918244322506,0.275476453473682,3.99740369875701,"t10_ahya1"
"120","AHYA_s10_c02",8,-18.6133601078745,38.7315192360717,0.780226622070796,3.89331962712979,"t10_ahya2"
"121","AABR_s10_c01",8,-24.0619822093629,37.7589027780012,0.355189160693706,3.35809285063108,"t10_aabr1"
"122","AABR_s10_c02",8,-16.8264400533225,37.6604925781883,0.463234214791926,3.31503986599321,"t10_aabr2"
"123","AGLO_s10_c01",8,-21.5069121414218,37.9324130591915,0.453414249810804,3.43955138088359,"t10_aglo1"
"124","AGLO_s10_c02",8,-24.9858674971466,38.3358119558983,0.417361071469989,3.65384886323564,"t10_aglo2"
"125","AGLO_s10_c03",8,-16.9609036846222,38.0678026843909,0.705350542955937,3.50776376048599,"t10_aglo3"
"126","AGLO_s10_c04",8,-20.130028033959,37.899663625903,0.408076457975124,3.42365157085641,"t10_aglo4"
"127","AGLO_s10_c05",8,-8.89109143250722,37.9929558445968,1.37671642092965,3.46956698684637,"t10_aglo5"
"128","AGLO_s10_c06",8,-21.4403649138336,37.6090474770568,0.468406838539773,3.29347992932922,"t10_aglo6"
"129","ICRA_s10_c01",8,-26.9784712111153,38.0763376809937,0.332534403736419,3.51219437460648,"t10_icra1"
"130","ICRA_s10_c02",8,-21.2772028924468,37.8623791183028,0.534226942146987,3.40584298245513,"t10_icra2"
"131","ICRA_s10_c03",8,-19.6444629718641,38.0490819382078,0.465376842776797,3.49809888659336,"t10_icra3"
"132","ICRA_s10_c04",8,-29.1284485325293,38.0753310050731,0.320845146449078,3.5116710093745,"t10_icra4"
"133","ICRA_s10_c05",8,-22.3486652869994,37.7548329896233,0.415662409760565,3.35626612869994,"t10_icra5"
"134","ICRA_s10_c06",8,-29.2537049680032,38.6597196166359,0.304673970010644,3.84795382389133,"t10_icra6"
"135","ICRA_s10_c07",8,-23.9616692058606,38.4267522617721,0.357955643569558,3.70651459043801,"t10_icra7"
"136","ICRA_s10_c08",8,-25.4518035737601,38.3885103974153,0.385613301061646,3.68418603219941,"t10_icra8"
"137","ICRA_s10_c09",8,-28.9356345587215,38.1470709024764,0.232692721306261,3.5494898237666,"t10_icra9"
"138","ICRA_s10_c10",8,-17.9437564772118,38.304535807394,0.440338735683325,3.63608544782215,"t10_icra10"
"139","AHYA_s11_c01",8,-34.1398081627966,38.0357362398378,0.233764044440752,4.32616394948975,"t11_ahya1"
"140","AHYA_s11_c02",8,-14.8959128882836,37.6951153378251,0.475493477838744,4.09434325431809,"t11_ahya2"
"141","AABR_s11_c01",8,-24.7259915837527,37.7414230916304,0.175536204680119,4.12497279594962,"t11_aabr1"
"142","AABR_s11_c02",8,-26.5630506369554,37.874967380544,0.218446499386157,4.21490657538127,"t11_aabr2"
"143","ICRA_s11_c01",8,-20.7365927603883,37.2155901195939,0.644230834700144,3.79589773018744,"t11_icra1"
"144","ICRA_s11_c02",8,-32.0648493617789,37.2193189586232,0.300619056917396,3.79807538631137,"t11_icra2"
"145","ICRA_s11_c03",8,-43.908455089293,38.7000665916154,0.0952564731993607,4.81565081607754,"t11_icra3"
"146","ICRA_s11_c04",8,-27.6366349638042,37.8117775640196,0.191144542216263,4.1720610098037,"t11_icra4"
"147","ICRA_s11_c05",8,-16.782408144999,37.2721517067028,0.648851870801804,3.82918703882071,"t11_icra5"
"148","ICRA_s11_c06",8,-34.6209925848662,37.4315158465146,0.170265882461821,3.9258463179105,"t11_icra6"
"149","ICRA_s11_c07",8,-30.8555671779833,37.486641348151,0.172782452358708,3.96022539691039,"t11_icra7"
"150","ICRA_s11_c08",8,-28.9993994471613,37.539563626396,0.157722486094279,3.99366791465108,"t11_icra8"
"151","AGLO_s11_c01",8,-30.2588867011171,37.7113498026723,0.190904250767566,4.10504783802228,"t11_aglo1"
"152","AGLO_s11_c02",8,-30.8420506644791,38.3815159078858,0.161932184256094,4.57543985156454,"t11_aglo2"
"153","AGLO_s11_c03",8,-38.8365021764104,37.7186809049049,0.0920373659286831,4.10989365588632,"t11_aglo3"
"154","AGLO_s11_c04",8,-27.9796138952705,38.0649025615226,0.201725429932109,4.34668007928212,"t11_aglo4"
"155","AGLO_s11_c05",8,-18.5250419140709,37.5306767619366,0.400824961394778,3.98802267714292,"t11_aglo5"
"156","AGLO_s11_c06",8,-48.7854470018124,38.4890771976054,0.0509991201686687,4.65549779194988,"t11_aglo6"
"157","AGLO_s11_c07",8,-44.7263927603874,38.1825499701368,0.0828584442591078,4.43042033134755,"t11_aglo7"
"158","AGLO_s11_c08",8,-20.9577025698449,38.0063872746074,0.379407545368286,4.30562009993002,"t11_aglo8"
