"Genotype","PhPh_Genotype","ED50","ED5","ED95","Site","Species","Colony","GroupingProperty"
"AABR_s01_c01","t1_aabr1",38.05,36.46,39.71,1,"AABR",1,"1_AABR_1"
"AABR_s01_c02","t1_aabr2",38.24,37.35,39.16,1,"AABR",2,"1_AABR_2"
"AGLO_s01_c01","t1_aglo1",38.54,37.79,39.3,1,"AGLO",1,"1_AGLO_1"
"AGLO_s01_c02","t1_aglo2",38.31,37.54,39.09,1,"AGLO",2,"1_AGLO_2"
"AGLO_s01_c03","t1_aglo3",38.3,37.31,39.31,1,"AGLO",3,"1_AGLO_3"
"AGLO_s01_c04","t1_aglo4",37.67,35.17,40.34,1,"AGLO",4,"1_AGLO_4"
"AGLO_s01_c05","t1_aglo5",38.38,37.25,39.54,1,"AGLO",5,"1_AGLO_5"
"AGLO_s01_c06","t1_aglo6",38.47,37.85,39.1,1,"AGLO",6,"1_AGLO_6"
"AGLO_s01_c07","t1_aglo7",38.33,37.17,39.52,1,"AGLO",7,"1_AGLO_7"
"AGLO_s01_c08","t1_aglo8",38.48,36.92,40.1,1,"AGLO",8,"1_AGLO_8"
"AGLO_s01_c09","t1_aglo9",38.38,37.39,39.38,1,"AGLO",9,"1_AGLO_9"
"AHYA_s01_c01","t1_ahya1",38.75,37.96,39.56,1,"AHYA",1,"1_AHYA_1"
"ICRA_s01_c01","t1_icra1",38.65,37.72,39.59,1,"ICRA",1,"1_ICRA_1"
"ICRA_s01_c02","t1_icra2",38.81,37.85,39.8,1,"ICRA",2,"1_ICRA_2"
"ICRA_s01_c03","t1_icra3",38.65,37.75,39.58,1,"ICRA",3,"1_ICRA_3"
"ICRA_s01_c04","t1_icra4",38.36,37.59,39.14,1,"ICRA",4,"1_ICRA_4"
"ICRA_s01_c05","t1_icra5",38.63,37.67,39.61,1,"ICRA",5,"1_ICRA_5"
"ICRA_s01_c06","t1_icra6",38.37,37.73,39.02,1,"ICRA",6,"1_ICRA_6"
"ICRA_s01_c07","t1_icra7",37.86,36.05,39.76,1,"ICRA",7,"1_ICRA_7"
"ICRA_s01_c08","t1_icra8",38.09,35.76,40.58,1,"ICRA",8,"1_ICRA_8"
"AGLO_s03_c01","t3_aglo1",37.87,36.29,39.51,3,"AGLO",1,"3_AGLO_1"
"AGLO_s03_c02","t3_aglo2",38,36.63,39.41,3,"AGLO",2,"3_AGLO_2"
"AGLO_s03_c03","t3_aglo3",37.95,36.44,39.52,3,"AGLO",3,"3_AGLO_3"
"AGLO_s03_c04","t3_aglo4",37.88,36.19,39.64,3,"AGLO",4,"3_AGLO_4"
"AGLO_s03_c05","t3_aglo5",38.12,35.63,40.79,3,"AGLO",5,"3_AGLO_5"
"AGLO_s03_c06","t3_aglo6",37.08,34.81,39.49,3,"AGLO",6,"3_AGLO_6"
"AGLO_s03_c07","t3_aglo7",37.74,36.07,39.48,3,"AGLO",7,"3_AGLO_7"
"AGLO_s03_c08","t3_aglo8",37.91,35.88,40.06,3,"AGLO",8,"3_AGLO_8"
"ICRA_s03_c01","t3_icra1",38.11,35.56,40.85,3,"ICRA",1,"3_ICRA_1"
"ICRA_s03_c02","t3_icra2",37.79,35.33,40.42,3,"ICRA",2,"3_ICRA_2"
"ICRA_s03_c03","t3_icra3",37.98,36.24,39.8,3,"ICRA",3,"3_ICRA_3"
"ICRA_s03_c04","t3_icra4",38.41,36.27,40.68,3,"ICRA",4,"3_ICRA_4"
"ICRA_s03_c05","t3_icra5",38.2,36.33,40.16,3,"ICRA",5,"3_ICRA_5"
"ICRA_s03_c06","t3_icra6",38.05,36.71,39.44,3,"ICRA",6,"3_ICRA_6"
"ICRA_s03_c07","t3_icra7",37.89,35.82,40.08,3,"ICRA",7,"3_ICRA_7"
"ICRA_s03_c08","t3_icra8",38.27,35.9,40.8,3,"ICRA",8,"3_ICRA_8"
"AHYA_s03_c01","t3_ahya1",38.04,36.64,39.49,3,"AHYA",1,"3_AHYA_1"
"AHYA_s03_c02","t3_ahya2",37.86,36.06,39.76,3,"AHYA",2,"3_AHYA_2"
"AABR_s03_c01","t3_aabr1",37.68,35.88,39.57,3,"AABR",1,"3_AABR_1"
"AABR_s03_c02","t3_aabr2",37.39,35.54,39.35,3,"AABR",2,"3_AABR_2"
"AHYA_s04_c01","t4_ahya1",38.38,36.29,40.58,4,"AHYA",1,"4_AHYA_1"
"AHYA_s04_c02","t4_ahya2",38.58,37.55,39.63,4,"AHYA",2,"4_AHYA_2"
"AABR_s04_c01","t4_aabr1",38.14,36.48,39.87,4,"AABR",1,"4_AABR_1"
"AABR_s04_c02","t4_aabr2",38.15,35.62,40.86,4,"AABR",2,"4_AABR_2"
"AGLO_s04_c01","t4_aglo1",37.91,36.79,39.05,4,"AGLO",1,"4_AGLO_1"
"AGLO_s04_c02","t4_aglo2",38.54,37.22,39.91,4,"AGLO",2,"4_AGLO_2"
"AGLO_s04_c03","t4_aglo3",38.45,37.76,39.16,4,"AGLO",3,"4_AGLO_3"
"AGLO_s04_c04","t4_aglo4",38.43,36.57,40.39,4,"AGLO",4,"4_AGLO_4"
"AGLO_s04_c05","t4_aglo5",38.32,36.87,39.82,4,"AGLO",5,"4_AGLO_5"
"AGLO_s04_c06","t4_aglo6",38.41,38.09,38.73,4,"AGLO",6,"4_AGLO_6"
"AGLO_s04_c07","t4_aglo7",38.33,35.04,41.94,4,"AGLO",7,"4_AGLO_7"
"AGLO_s04_c08","t4_aglo8",38.42,37.4,39.46,4,"AGLO",8,"4_AGLO_8"
"ICRA_s04_c01","t4_icra1",38.42,36.39,40.56,4,"ICRA",1,"4_ICRA_1"
"ICRA_s04_c02","t4_icra2",38.33,36.59,40.14,4,"ICRA",2,"4_ICRA_2"
"ICRA_s04_c03","t4_icra3",38.54,37.52,39.58,4,"ICRA",3,"4_ICRA_3"
"ICRA_s04_c04","t4_icra4",38.34,36.75,40,4,"ICRA",4,"4_ICRA_4"
"ICRA_s04_c05","t4_icra5",38.66,36.73,40.69,4,"ICRA",5,"4_ICRA_5"
"ICRA_s04_c06","t4_icra6",38.33,37.46,39.22,4,"ICRA",6,"4_ICRA_6"
"ICRA_s04_c07","t4_icra7",38.52,37.28,39.8,4,"ICRA",7,"4_ICRA_7"
"ICRA_s04_c08","t4_icra8",38.7,37.69,39.73,4,"ICRA",8,"4_ICRA_8"
"AHYA_s05_c01","t5_ahya1",37.7,36.08,39.39,5,"AHYA",1,"5_AHYA_1"
"AHYA_s05_c02","t5_ahya2",37.92,36.18,39.75,5,"AHYA",2,"5_AHYA_2"
"AABR_s05_c01","t5_aabr1",37.5,35.96,39.1,5,"AABR",1,"5_AABR_1"
"AABR_s05_c02","t5_aabr2",37.47,35.57,39.48,5,"AABR",2,"5_AABR_2"
"ICRA_s05_c01","t5_icra1",38.36,36.38,40.45,5,"ICRA",1,"5_ICRA_1"
"ICRA_s05_c02","t5_icra2",37.78,35.57,40.12,5,"ICRA",2,"5_ICRA_2"
"ICRA_s05_c03","t5_icra3",38.38,36.4,40.47,5,"ICRA",3,"5_ICRA_3"
"ICRA_s05_c04","t5_icra4",38.05,36.14,40.06,5,"ICRA",4,"5_ICRA_4"
"ICRA_s05_c05","t5_icra5",37.91,34.89,41.19,5,"ICRA",5,"5_ICRA_5"
"ICRA_s05_c06","t5_icra6",37.89,36.38,39.47,5,"ICRA",6,"5_ICRA_6"
"ICRA_s05_c07","t5_icra7",38.07,35.5,40.83,5,"ICRA",7,"5_ICRA_7"
"ICRA_s05_c08","t5_icra8",37.81,36.48,39.2,5,"ICRA",8,"5_ICRA_8"
"ICRA_s05_c09","t5_icra9",37.99,36.15,39.92,5,"ICRA",9,"5_ICRA_9"
"ICRA_s05_c10","t5_icra10",38.06,36.37,39.83,5,"ICRA",10,"5_ICRA_10"
"ICRA_s05_c11","t5_icra11",37.62,36.06,39.26,5,"ICRA",11,"5_ICRA_11"
"ICRA_s05_c12","t5_icra12",37.97,36.49,39.51,5,"ICRA",12,"5_ICRA_12"
"ICRA_s05_c13","t5_icra13",38.58,36.45,40.83,5,"ICRA",13,"5_ICRA_13"
"ICRA_s05_c14","t5_icra14",38.53,36.56,40.6,5,"ICRA",14,"5_ICRA_14"
"ICRA_s05_c15","t5_icra15",38.14,36.47,39.9,5,"ICRA",15,"5_ICRA_15"
"ICRA_s05_c16","t5_icra16",38.25,36.37,40.22,5,"ICRA",16,"5_ICRA_16"
"AABR_s07_c01","t7_aabr1",38.37,37.07,39.71,7,"AABR",1,"7_AABR_1"
"AABR_s07_c02","t7_aabr2",38.4,37.18,39.67,7,"AABR",2,"7_AABR_2"
"AABR_s07_c03","t7_aabr3",38.42,36.78,40.14,7,"AABR",3,"7_AABR_3"
"AABR_s07_c04","t7_aabr4",38.14,36.38,39.98,7,"AABR",4,"7_AABR_4"
"AABR_s07_c05","t7_aabr5",37.77,35.75,39.91,7,"AABR",5,"7_AABR_5"
"AABR_s07_c06","t7_aabr6",37.97,36.31,39.7,7,"AABR",6,"7_AABR_6"
"AHYA_s07_c01","t7_ahya1",38.12,37.03,39.24,7,"AHYA",1,"7_AHYA_1"
"AGLO_s07_c01","t7_aglo1",37.83,35.64,40.14,7,"AGLO",1,"7_AGLO_1"
"AGLO_s07_c02","t7_aglo2",38.03,36.29,39.86,7,"AGLO",2,"7_AGLO_2"
"AGLO_s07_c03","t7_aglo3",38.5,37.51,39.53,7,"AGLO",3,"7_AGLO_3"
"AGLO_s07_c04","t7_aglo4",37.66,35.01,40.51,7,"AGLO",4,"7_AGLO_4"
"AGLO_s07_c05","t7_aglo5",37.83,36.37,39.34,7,"AGLO",5,"7_AGLO_5"
"AGLO_s07_c06","t7_aglo6",38.49,37.59,39.42,7,"AGLO",6,"7_AGLO_6"
"AGLO_s07_c07","t7_aglo7",38.57,37.54,39.64,7,"AGLO",7,"7_AGLO_7"
"AGLO_s07_c08","t7_aglo8",37.94,35.58,40.46,7,"AGLO",8,"7_AGLO_8"
"AGLO_s07_c09","t7_aglo9",38.23,37.15,39.35,7,"AGLO",9,"7_AGLO_9"
"AGLO_s07_c10","t7_aglo10",38.22,36.77,39.72,7,"AGLO",10,"7_AGLO_10"
"AGLO_s07_c11","t7_aglo11",38.2,36.25,40.25,7,"AGLO",11,"7_AGLO_11"
"AABR_s09_c01","t9_aabr1",37.4,35.66,39.22,9,"AABR",1,"9_AABR_1"
"AGLO_s09_c01","t9_aglo1",37.78,35.75,39.91,9,"AGLO",1,"9_AGLO_1"
"AGLO_s09_c02","t9_aglo2",37.94,36.14,39.82,9,"AGLO",2,"9_AGLO_2"
"AGLO_s09_c03","t9_aglo3",37.98,36.64,39.37,9,"AGLO",3,"9_AGLO_3"
"AGLO_s09_c04","t9_aglo4",37.33,33.95,41.03,9,"AGLO",4,"9_AGLO_4"
"AGLO_s09_c05","t9_aglo5",38.07,36.66,39.53,9,"AGLO",5,"9_AGLO_5"
"AGLO_s09_c06","t9_aglo6",37.52,34.6,40.68,9,"AGLO",6,"9_AGLO_6"
"AGLO_s09_c07","t9_aglo7",37.48,35.22,39.87,9,"AGLO",7,"9_AGLO_7"
"AGLO_s09_c08","t9_aglo8",38.69,38.45,38.92,9,"AGLO",8,"9_AGLO_8"
"AHYA_s09_c01","t9_ahya1",38.5,37.7,39.31,9,"AHYA",1,"9_AHYA_1"
"AHYA_s09_c02","t9_ahya2",37.93,36.28,39.65,9,"AHYA",2,"9_AHYA_2"
"AHYA_s09_c03","t9_ahya3",37.8,36.17,39.5,9,"AHYA",3,"9_AHYA_3"
"AHYA_s09_c04","t9_ahya4",37.96,36.13,39.88,9,"AHYA",4,"9_AHYA_4"
"AHYA_s09_c05","t9_ahya5",37.8,35.67,40.06,9,"AHYA",5,"9_AHYA_5"
"ICRA_s09_c01","t9_icra1",37.85,35.95,39.85,9,"ICRA",1,"9_ICRA_1"
"ICRA_s09_c02","t9_icra2",38.2,36.69,39.78,9,"ICRA",2,"9_ICRA_2"
"ICRA_s09_c03","t9_icra3",37.97,36.36,39.66,9,"ICRA",3,"9_ICRA_3"
"ICRA_s09_c04","t9_icra4",38.29,36.58,40.09,9,"ICRA",4,"9_ICRA_4"
"ICRA_s09_c05","t9_icra5",38.4,37.52,39.29,9,"ICRA",5,"9_ICRA_5"
"ICRA_s09_c06","t9_icra6",38.2,36.88,39.57,9,"ICRA",6,"9_ICRA_6"
"AHYA_s10_c01","t10_ahya1",38.89,36.33,41.64,10,"AHYA",1,"10_AHYA_1"
"AHYA_s10_c02","t10_ahya2",38.73,34.47,43.53,10,"AHYA",2,"10_AHYA_2"
"AABR_s10_c01","t10_aabr1",37.76,34.77,41.01,10,"AABR",1,"10_AABR_1"
"AABR_s10_c02","t10_aabr2",37.66,35.68,39.75,10,"AABR",2,"10_AABR_2"
"AGLO_s10_c01","t10_aglo1",37.93,34.71,41.45,10,"AGLO",1,"10_AGLO_1"
"AGLO_s10_c02","t10_aglo2",38.34,34.63,42.44,10,"AGLO",2,"10_AGLO_2"
"AGLO_s10_c03","t10_aglo3",38.07,34.08,42.52,10,"AGLO",3,"10_AGLO_3"
"AGLO_s10_c04","t10_aglo4",37.9,35.11,40.91,10,"AGLO",4,"10_AGLO_4"
"AGLO_s10_c05","t10_aglo5",37.99,33.59,42.97,10,"AGLO",5,"10_AGLO_5"
"AGLO_s10_c06","t10_aglo6",37.61,34.17,41.4,10,"AGLO",6,"10_AGLO_6"
"ICRA_s10_c01","t10_icra1",38.08,35.05,41.37,10,"ICRA",1,"10_ICRA_1"
"ICRA_s10_c02","t10_icra2",37.86,34.43,41.64,10,"ICRA",2,"10_ICRA_2"
"ICRA_s10_c03","t10_icra3",38.05,35.49,40.8,10,"ICRA",3,"10_ICRA_3"
"ICRA_s10_c04","t10_icra4",38.08,34.97,41.46,10,"ICRA",4,"10_ICRA_4"
"ICRA_s10_c05","t10_icra5",37.75,35.02,40.7,10,"ICRA",5,"10_ICRA_5"
"ICRA_s10_c06","t10_icra6",38.66,35.68,41.89,10,"ICRA",6,"10_ICRA_6"
"ICRA_s10_c07","t10_icra7",38.43,35.61,41.46,10,"ICRA",7,"10_ICRA_7"
"ICRA_s10_c08","t10_icra8",38.39,35.07,42.02,10,"ICRA",8,"10_ICRA_8"
"ICRA_s10_c09","t10_icra9",38.15,35.67,40.79,10,"ICRA",9,"10_ICRA_9"
"ICRA_s10_c10","t10_icra10",38.3,35.93,40.83,10,"ICRA",10,"10_ICRA_10"
"AHYA_s11_c01","t11_ahya1",38.04,34.45,42,11,"AHYA",1,"11_AHYA_1"
"AHYA_s11_c02","t11_ahya2",37.7,36.96,38.45,11,"AHYA",2,"11_AHYA_2"
"AABR_s11_c01","t11_aabr1",37.74,36.88,38.62,11,"AABR",1,"11_AABR_1"
"AABR_s11_c02","t11_aabr2",37.88,36.09,39.75,11,"AABR",2,"11_AABR_2"
"ICRA_s11_c01","t11_icra1",37.22,33.46,41.39,11,"ICRA",1,"11_ICRA_1"
"ICRA_s11_c02","t11_icra2",37.22,33.52,41.33,11,"ICRA",2,"11_ICRA_2"
"ICRA_s11_c03","t11_icra3",38.7,36.54,40.99,11,"ICRA",3,"11_ICRA_3"
"ICRA_s11_c04","t11_icra4",37.81,36.36,39.32,11,"ICRA",4,"11_ICRA_4"
"ICRA_s11_c05","t11_icra5",37.27,34.32,40.47,11,"ICRA",5,"11_ICRA_5"
"ICRA_s11_c06","t11_icra6",37.43,35.21,39.8,11,"ICRA",6,"11_ICRA_6"
"ICRA_s11_c07","t11_icra7",37.49,35.98,39.06,11,"ICRA",7,"11_ICRA_7"
"ICRA_s11_c08","t11_icra8",37.54,36.53,38.58,11,"ICRA",8,"11_ICRA_8"
"AGLO_s11_c01","t11_aglo1",37.71,35.78,39.75,11,"AGLO",1,"11_AGLO_1"
"AGLO_s11_c02","t11_aglo2",38.38,36.82,40.01,11,"AGLO",2,"11_AGLO_2"
"AGLO_s11_c03","t11_aglo3",37.72,36.28,39.22,11,"AGLO",3,"11_AGLO_3"
"AGLO_s11_c04","t11_aglo4",38.06,36.28,39.94,11,"AGLO",4,"11_AGLO_4"
"AGLO_s11_c05","t11_aglo5",37.53,35.6,39.57,11,"AGLO",5,"11_AGLO_5"
"AGLO_s11_c06","t11_aglo6",38.49,36.91,40.14,11,"AGLO",6,"11_AGLO_6"
"AGLO_s11_c07","t11_aglo7",38.18,35.86,40.65,11,"AGLO",7,"11_AGLO_7"
"AGLO_s11_c08","t11_aglo8",38.01,35.61,40.57,11,"AGLO",8,"11_AGLO_8"
