"","SampleID_clean","site","species","genotype","K_2","K_3","K_4","K_5","K_6","K_7","K_8","K_9","K_10","K_11","K_12","K_13","K_14","K_15","ED50"
"1","t1_aabr1",1,"aabr",1,1,1,1,1,1,1,1,1,1,1,1,1,1,1,38.05
"2","t1_aabr2",1,"aabr",2,1,1,1,2,2,2,2,2,2,2,2,2,2,2,38.24
"3","t1_aglo1",1,"aglo",1,1,1,1,1,1,1,1,3,3,3,3,3,3,3,38.54
"4","t1_aglo2",1,"aglo",2,1,1,1,1,1,1,1,3,3,3,3,3,3,3,38.31
"5","t1_aglo3",1,"aglo",3,1,1,1,2,2,2,2,2,2,2,2,2,2,2,38.3
"6","t1_aglo4",1,"aglo",4,1,1,1,1,1,1,1,1,1,1,1,1,1,1,37.67
"7","t1_aglo5",1,"aglo",5,1,1,1,2,2,2,2,2,2,2,2,2,2,2,38.38
"8","t1_aglo6",1,"aglo",6,1,1,1,2,2,2,2,2,2,2,2,2,2,2,38.47
"9","t1_aglo7",1,"aglo",7,1,1,1,2,2,2,2,2,2,2,2,2,2,2,38.33
"10","t1_aglo8",1,"aglo",8,1,1,1,1,1,1,1,3,3,3,3,3,3,3,38.48
"11","t1_aglo9",1,"aglo",9,1,1,1,2,2,2,2,2,2,4,4,4,4,4,38.38
"12","t1_ahya1",1,"ahya",1,1,1,1,2,2,2,2,2,2,2,2,2,2,2,38.75
"13","t1_icra1",1,"icra",1,2,2,2,3,3,3,3,4,4,5,5,5,5,5,38.65
"14","t1_icra2",1,"icra",2,2,2,2,3,3,3,3,4,4,5,5,5,5,5,38.81
"15","t1_icra3",1,"icra",3,2,2,2,3,3,3,3,4,4,5,5,5,5,5,38.65
"16","t1_icra4",1,"icra",4,2,2,3,4,4,4,4,5,5,6,6,6,6,6,38.36
"17","t1_icra5",1,"icra",5,2,2,2,3,3,3,3,4,4,5,5,5,5,5,38.63
"18","t1_icra6",1,"icra",6,2,2,3,4,4,4,4,5,5,6,6,6,6,6,38.37
"19","t1_icra7",1,"icra",7,2,2,3,4,4,4,4,5,5,6,7,7,7,7,37.86
"20","t1_icra8",1,"icra",8,2,2,2,3,3,3,3,4,4,5,5,5,5,5,38.09
"21","t10_aabr1",10,"aabr",1,1,1,1,1,1,1,1,3,3,3,3,3,3,3,37.76
"22","t10_aabr2",10,"aabr",2,1,1,1,1,1,1,1,1,1,1,1,1,1,1,37.66
"23","t10_aglo1",10,"aglo",1,1,1,1,2,2,2,2,2,2,4,4,4,4,4,37.93
"24","t10_aglo2",10,"aglo",2,1,1,1,2,2,2,2,2,2,2,2,2,2,2,38.34
"25","t10_aglo3",10,"aglo",3,1,1,1,2,2,2,2,2,2,4,4,4,4,4,38.07
"26","t10_aglo4",10,"aglo",4,1,1,1,2,2,2,2,2,2,2,2,2,2,2,37.9
"27","t10_aglo5",10,"aglo",5,1,1,1,1,1,1,1,3,3,3,3,3,3,3,37.99
"28","t10_aglo6",10,"aglo",6,1,1,1,1,1,1,1,3,3,3,3,3,3,3,37.61
"29","t10_ahya1",10,"ahya",1,1,1,1,2,2,2,2,2,2,2,2,2,2,2,38.89
"30","t10_ahya2",10,"ahya",2,1,1,1,2,2,2,2,2,2,2,2,2,2,2,38.73
"31","t10_icra1",10,"icra",1,2,2,3,4,4,4,4,5,5,6,7,7,7,7,38.08
"32","t10_icra10",10,"icra",10,2,2,3,4,4,4,5,6,6,7,8,8,8,8,38.3
"33","t10_icra2",10,"icra",2,2,2,2,3,3,3,3,4,7,8,9,9,9,9,37.86
"34","t10_icra3",10,"icra",3,2,2,3,4,4,4,5,6,6,7,8,8,8,8,38.05
"35","t10_icra4",10,"icra",4,2,2,3,4,4,4,4,5,5,6,6,6,6,6,38.08
"36","t10_icra5",10,"icra",5,2,2,3,4,4,4,4,5,5,6,6,6,6,6,37.75
"37","t10_icra6",10,"icra",6,2,2,3,4,4,4,4,5,5,6,6,6,6,6,38.66
"38","t10_icra7",10,"icra",7,2,2,3,4,4,4,4,5,5,6,7,7,7,7,38.43
"39","t10_icra8",10,"icra",8,2,2,3,4,4,4,4,5,5,6,7,7,7,7,38.39
"40","t10_icra9",10,"icra",9,2,2,3,4,4,4,4,5,5,6,7,7,7,7,38.15
"41","t11_aabr1",11,"aabr",1,1,3,4,5,5,5,6,7,8,9,10,10,10,10,37.74
"42","t11_aabr2",11,"aabr",2,1,3,4,5,5,5,6,7,8,9,10,10,10,10,37.88
"43","t11_aabr3",11,"aabr",3,1,3,4,5,5,5,6,7,8,9,10,10,10,10,NA
"44","t11_aglo1",11,"aglo",1,1,3,4,5,5,6,7,8,9,10,11,11,11,11,37.71
"45","t11_aglo2",11,"aglo",2,1,3,4,5,5,6,7,8,9,10,11,11,12,12,38.38
"46","t11_aglo3",11,"aglo",3,1,3,4,5,5,5,6,7,8,9,10,10,10,10,37.72
"47","t11_aglo4",11,"aglo",4,1,3,4,5,5,6,7,8,9,10,11,11,12,12,38.06
"48","t11_aglo5",11,"aglo",5,1,3,4,5,5,5,6,7,8,9,10,10,10,10,37.53
"49","t11_aglo6",11,"aglo",6,1,3,4,5,5,6,7,8,9,10,11,11,11,11,38.49
"50","t11_aglo7",11,"aglo",7,1,3,4,5,5,5,6,7,8,9,10,10,10,10,38.18
"51","t11_aglo8",11,"aglo",8,1,3,4,5,5,5,6,7,8,9,10,10,10,10,38.01
"52","t11_aglo9",11,"aglo",9,1,3,4,5,5,6,7,8,9,10,11,11,11,11,NA
"53","t11_ahya1",11,"ahya",1,1,1,1,2,2,2,2,2,2,4,4,4,4,4,38.04
"54","t11_ahya2",11,"ahya",2,1,1,1,2,2,2,2,2,2,4,4,4,4,4,37.7
"55","t11_icra1",11,"icra",1,2,2,3,4,4,4,5,6,6,7,8,8,8,8,37.22
"56","t11_icra10",11,"icra",10,1,1,1,2,2,2,2,2,2,4,4,4,4,4,NA
"57","t11_icra2",11,"icra",2,2,2,3,4,4,4,5,6,6,7,8,8,8,8,37.22
"58","t11_icra3",11,"icra",3,2,2,3,4,4,4,5,6,6,7,8,8,8,8,38.7
"59","t11_icra4",11,"icra",4,2,2,3,4,4,4,5,6,6,7,8,8,8,8,37.81
"60","t11_icra5",11,"icra",5,1,1,1,1,1,1,1,3,3,3,3,3,3,3,37.27
"61","t11_icra6",11,"icra",6,2,2,3,4,4,4,5,6,6,7,8,8,8,8,37.43
"62","t11_icra7",11,"icra",7,2,2,3,4,4,4,5,6,6,7,8,8,8,8,37.49
"63","t11_icra8",11,"icra",8,1,1,1,1,1,1,1,3,3,3,3,3,3,3,37.54
"64","t11_icra9",11,"icra",9,2,2,3,4,4,4,5,6,6,7,8,8,8,8,NA
"65","t3_aabr1",3,"aabr",1,1,1,1,1,1,1,1,1,1,1,1,1,1,1,37.68
"66","t3_aabr2",3,"aabr",2,1,1,1,1,1,1,1,3,3,3,3,3,3,3,37.39
"67","t3_aglo1",3,"aglo",1,1,1,1,2,2,2,2,2,2,4,4,4,4,4,37.87
"68","t3_aglo2",3,"aglo",2,1,1,1,1,1,1,1,3,3,3,3,3,3,3,38
"69","t3_aglo3",3,"aglo",3,2,2,3,4,4,4,5,6,6,7,8,8,8,8,37.95
"70","t3_aglo4",3,"aglo",4,1,1,1,1,1,1,1,3,3,3,3,3,3,3,37.88
"71","t3_aglo5",3,"aglo",5,1,1,1,2,2,2,2,2,2,2,2,2,2,2,38.12
"72","t3_aglo6",3,"aglo",6,1,1,1,2,2,2,2,2,2,4,4,4,4,4,37.08
"73","t3_aglo7",3,"aglo",7,1,1,1,1,1,1,1,3,3,3,3,3,3,3,37.74
"74","t3_aglo8",3,"aglo",8,1,1,1,1,1,1,1,3,3,3,3,3,3,3,37.91
"75","t3_ahya1",3,"ahya",1,1,1,1,1,1,1,1,1,1,1,1,1,1,1,38.04
"76","t3_ahya2",3,"ahya",2,1,1,1,2,2,2,2,2,2,4,4,4,4,4,37.86
"77","t3_icra1",3,"icra",1,2,2,2,3,3,3,3,4,4,5,5,5,5,13,38.11
"78","t3_icra2",3,"icra",2,2,2,2,3,6,7,8,9,10,11,12,12,13,14,37.79
"79","t3_icra3",3,"icra",3,2,2,2,3,6,7,8,9,10,11,12,12,13,14,37.98
"80","t3_icra4",3,"icra",4,2,2,2,3,6,7,8,9,10,11,12,12,13,14,38.41
"81","t3_icra5",3,"icra",5,2,2,2,3,6,7,8,9,10,11,12,13,14,15,38.2
"82","t3_icra6",3,"icra",6,2,2,2,3,6,7,8,9,10,11,12,12,13,14,38.05
"83","t3_icra7",3,"icra",7,2,2,3,4,4,4,4,5,5,6,7,7,7,7,37.89
"84","t3_icra8",3,"icra",8,2,2,2,3,6,7,8,9,10,11,12,12,13,14,38.27
"85","t4_aabr1",4,"aabr",1,1,1,1,1,1,1,1,1,1,1,1,1,1,1,38.14
"86","t4_aabr2",4,"aabr",2,1,1,1,1,1,1,1,1,1,1,1,1,1,1,38.15
"87","t4_aglo1",4,"aglo",1,1,1,1,2,2,2,2,2,2,4,4,4,4,4,37.91
"88","t4_aglo2",4,"aglo",2,1,1,1,2,2,2,2,2,2,4,4,4,4,4,38.54
"89","t4_aglo3",4,"aglo",3,1,1,1,2,2,2,2,2,2,2,2,2,2,2,38.45
"90","t4_aglo4",4,"aglo",4,1,1,1,1,1,1,1,1,1,1,1,1,1,1,38.43
"91","t4_aglo5",4,"aglo",5,1,1,1,2,2,2,2,2,2,4,4,4,4,4,38.32
"92","t4_aglo6",4,"aglo",6,1,1,1,1,1,1,1,1,1,1,1,1,1,1,38.41
"93","t4_aglo7",4,"aglo",7,2,2,3,4,4,4,5,6,6,7,8,8,8,8,38.33
"94","t4_aglo8",4,"aglo",8,1,1,1,2,2,2,2,2,2,2,2,2,2,2,38.42
"95","t4_ahya1",4,"ahya",1,1,1,1,2,2,2,2,2,2,4,4,4,4,4,38.38
"96","t4_ahya2",4,"ahya",2,1,1,1,2,2,2,2,2,2,4,4,4,4,4,38.58
"97","t4_icra1",4,"icra",1,2,2,3,4,4,4,5,6,6,7,8,8,8,8,38.42
"98","t4_icra2",4,"icra",2,2,2,2,3,6,7,8,9,10,11,12,13,14,15,38.33
"99","t4_icra3",4,"icra",3,2,2,2,3,6,7,8,9,10,11,12,12,13,14,38.54
"100","t4_icra4",4,"icra",4,2,2,3,4,4,4,4,5,5,6,7,7,7,7,38.34
"101","t4_icra5",4,"icra",5,2,2,2,3,6,7,8,9,10,11,12,13,14,15,38.66
"102","t4_icra6",4,"icra",6,2,2,2,3,6,7,8,9,10,11,12,12,13,14,38.33
"103","t4_icra7",4,"icra",7,2,2,2,3,6,7,8,9,10,11,12,13,14,15,38.52
"104","t4_icra8",4,"icra",8,2,2,2,3,3,3,3,4,4,5,5,5,5,13,38.7
"105","t5_aabr1",5,"aabr",1,1,1,1,2,2,2,2,2,2,2,2,2,2,2,37.5
"106","t5_aabr2",5,"aabr",2,1,1,1,2,2,2,2,2,2,4,4,4,4,4,37.47
"107","t5_ahya1",5,"ahya",1,1,1,1,2,2,2,2,2,2,4,4,4,4,4,37.7
"108","t5_ahya2",5,"ahya",2,1,1,1,2,2,2,2,2,2,4,4,4,4,4,37.92
"109","t5_icra1",5,"icra",1,2,2,2,3,6,7,8,9,10,11,12,13,14,15,38.36
"110","t5_icra10",5,"icra",10,2,2,2,3,3,3,3,4,4,5,5,5,5,13,38.06
"111","t5_icra11",5,"icra",11,2,2,3,4,4,4,4,5,5,6,6,6,6,6,37.62
"112","t5_icra12",5,"icra",12,2,2,3,4,4,4,4,5,5,6,7,7,7,7,37.97
"113","t5_icra13",5,"icra",13,2,2,3,4,4,4,4,5,5,6,6,6,6,6,38.58
"114","t5_icra14",5,"icra",14,2,2,2,3,3,3,3,4,4,5,5,5,5,13,38.53
"115","t5_icra15",5,"icra",15,2,2,2,3,6,7,8,9,10,11,12,13,14,15,38.14
"116","t5_icra16",5,"icra",16,2,2,2,3,6,7,8,9,10,11,12,13,14,15,38.25
"117","t5_icra2",5,"icra",2,2,2,2,3,6,7,8,9,10,11,12,13,14,15,37.78
"118","t5_icra3",5,"icra",3,2,2,2,3,6,7,8,9,10,11,12,13,14,15,38.38
"119","t5_icra4",5,"icra",4,2,2,2,3,3,3,3,4,4,5,5,5,5,13,38.05
"120","t5_icra5",5,"icra",5,2,2,3,4,4,4,4,5,5,6,7,7,7,7,37.91
"121","t5_icra6",5,"icra",6,2,2,2,3,6,7,8,9,10,11,12,13,14,15,37.89
"122","t5_icra7",5,"icra",7,2,2,3,4,4,4,4,5,5,6,7,7,7,7,38.07
"123","t5_icra8",5,"icra",8,2,2,2,3,6,7,8,9,10,11,12,12,13,14,37.81
"124","t5_icra9",5,"icra",9,2,2,2,3,6,7,8,9,10,11,12,13,14,15,37.99
"125","t7_aabr1",7,"aabr",1,1,3,4,5,5,6,7,8,9,10,11,11,11,11,38.37
"126","t7_aabr2",7,"aabr",2,1,3,4,5,5,6,7,8,9,10,11,11,11,11,38.4
"127","t7_aabr3",7,"aabr",3,1,3,4,5,5,5,6,7,8,9,10,10,10,10,38.42
"128","t7_aabr4",7,"aabr",4,1,3,4,5,5,6,7,8,9,10,11,11,11,11,38.14
"129","t7_aabr5",7,"aabr",5,1,3,4,5,5,6,7,8,9,10,11,11,11,11,37.77
"130","t7_aabr6",7,"aabr",6,1,3,4,5,5,6,7,8,9,10,11,11,11,11,37.97
"131","t7_aglo1",7,"aglo",1,1,3,4,5,5,5,6,7,8,9,10,10,10,10,37.83
"132","t7_aglo10",7,"aglo",10,1,3,4,5,5,5,6,7,8,9,10,10,10,10,38.22
"133","t7_aglo11",7,"aglo",11,1,3,4,5,5,5,6,7,8,9,10,10,10,10,38.2
"134","t7_aglo2",7,"aglo",2,1,3,4,5,5,6,7,8,9,10,11,11,11,11,38.03
"135","t7_aglo3",7,"aglo",3,1,3,4,5,5,6,7,8,9,10,11,11,12,12,38.5
"136","t7_aglo4",7,"aglo",4,1,3,4,5,5,5,6,7,8,9,10,10,10,10,37.66
"137","t7_aglo5",7,"aglo",5,1,3,4,5,5,6,7,8,9,10,11,11,11,11,37.83
"138","t7_aglo6",7,"aglo",6,1,3,4,5,5,6,7,8,9,10,11,11,11,11,38.49
"139","t7_aglo7",7,"aglo",7,1,3,4,5,5,6,7,8,9,10,11,11,11,11,38.57
"140","t7_aglo8",7,"aglo",8,1,3,4,5,5,5,6,7,8,9,10,10,10,10,37.94
"141","t7_aglo9",7,"aglo",9,1,3,4,5,5,5,6,7,8,9,10,10,10,10,38.23
"142","t7_ahya1",7,"ahya",1,1,1,1,1,1,1,1,3,3,3,3,3,3,3,38.12
"143","t9_aabr1",9,"aabr",1,2,2,3,4,4,4,5,6,6,7,8,8,8,8,37.4
"144","t9_aabr2",9,"aabr",2,1,1,1,1,1,1,1,3,3,3,3,3,3,3,NA
"145","t9_aglo1",9,"aglo",1,1,1,1,1,1,1,1,1,1,1,1,1,1,1,37.78
"146","t9_aglo2",9,"aglo",2,1,1,1,1,1,1,1,1,1,1,1,1,1,1,37.94
"147","t9_aglo3",9,"aglo",3,1,1,1,2,2,2,2,2,2,2,2,2,2,2,37.98
"148","t9_aglo4",9,"aglo",4,1,1,1,2,2,2,2,2,2,4,4,4,4,4,37.33
"149","t9_aglo5",9,"aglo",5,1,1,1,1,1,1,1,3,3,3,3,3,3,3,38.07
"150","t9_aglo6",9,"aglo",6,1,1,1,2,2,2,2,2,2,4,4,4,4,4,37.52
"151","t9_aglo7",9,"aglo",7,1,1,1,2,2,2,2,2,2,2,2,2,2,2,37.48
"152","t9_aglo8",9,"aglo",8,1,1,1,2,2,2,2,2,2,2,2,2,2,2,38.69
"153","t9_aglo9",9,"aglo",9,1,1,1,2,2,2,2,2,2,4,4,4,4,4,NA
"154","t9_ahya1",9,"ahya",1,1,1,1,1,1,1,1,1,1,1,1,1,1,1,38.5
"155","t9_ahya2",9,"ahya",2,1,1,1,1,1,1,1,1,1,1,1,1,1,1,37.93
"156","t9_ahya3",9,"ahya",3,1,1,1,1,1,1,1,1,1,1,1,1,1,1,37.8
"157","t9_ahya4",9,"ahya",4,1,1,1,1,1,1,1,1,1,1,1,1,1,1,37.96
"158","t9_ahya5",9,"ahya",5,1,1,1,2,2,2,2,2,2,4,4,4,4,4,37.8
"159","t9_icra1",9,"icra",1,2,2,2,3,3,3,3,4,7,8,9,9,9,9,37.85
"160","t9_icra2",9,"icra",2,2,2,3,4,4,4,4,5,5,6,7,7,7,7,38.2
"161","t9_icra3",9,"icra",3,2,2,2,3,3,3,3,4,7,8,9,9,9,9,37.97
"162","t9_icra4",9,"icra",4,2,2,2,3,3,3,3,4,4,5,5,5,5,13,38.29
"163","t9_icra5",9,"icra",5,2,2,2,3,3,3,3,4,7,8,9,9,9,9,38.4
"164","t9_icra6",9,"icra",6,2,2,2,3,3,3,3,4,7,8,9,9,9,9,38.2
