Name,TG6 Camera #,Date,Site,CBASS / Sophie,Species,Size (cm),PM (% dead),Bleaching (%),Colony Depth (ft),Colony Photo,Tag #,Bag #,Notes,
CSC,1,20260210,ESA-TUT-011,CBASS,AABR,150,0,0,31,TRUE,,17,,
KT,1,20260210,ESA-TUT-011,CBASS,AABR,100,1,0,29,TRUE,,21,,
KT,1,20260210,ESA-TUT-011,CBASS,AABR,200,25,0,38,TRUE,,22,,
KT,1,20260210,ESA-TUT-011,CBASS,AGLO,38,1,0,35,TRUE,,11,,
KT,1,20260210,ESA-TUT-011,CBASS,AGLO,40,1,0,33,TRUE,,12,A LITTLE FUNKY; A LITTLE TAPPERING,
KT,1,20260210,ESA-TUT-011,CBASS,AGLO,50,5,0,35,TRUE,,13,,
KT,1,20260210,ESA-TUT-011,CBASS,AGLO,50,15,0,35,TRUE,,14,,
KT,1,20260210,ESA-TUT-011,CBASS,AGLO,37,1,0,37,TRUE,,23,IN SPIRAL,
KT,1,20260210,ESA-TUT-011,CBASS,AGLO,55,1,0,38,TRUE,,24,,
ES,4,20260210,ESA-TUT-011,CBASS,AGLO,36,0,0,44,TRUE,,31,,
ES,4,20260210,ESA-TUT-011,CBASS,AGLO,41,0,0,37,TRUE,,32,,
ES,4,20260210,ESA-TUT-011,CBASS,AGLO,43,5,0,29,TRUE,,33,,
CSC,1,20260210,ESA-TUT-011,CBASS,AHYA,43,0,0,34,TRUE,,16,,
CSC,1,20260210,ESA-TUT-011,CBASS,AHYA,32,5,0,35,TRUE,,18,,
BH,3,20260210,ESA-TUT-011,CBASS,ICRA,34,15,0,29,TRUE,,3,,
BH,3,20260210,ESA-TUT-011,CBASS,ICRA,59,3,0,31,TRUE,,4,,
BH,3,20260210,ESA-TUT-011,CBASS,ICRA,75,20,0,31,TRUE,,5,,
BH,3,20260210,ESA-TUT-011,CBASS,ICRA,36,5,0,35,TRUE,,10,,
CSC,1,20260210,ESA-TUT-011,CBASS,ICRA,29,10,0,31,TRUE,,19,,
CSC,1,20260210,ESA-TUT-011,CBASS,ICRA,25,5,0,33,TRUE,,20,IN SPIRAL,
CSC,1,20260210,ESA-TUT-011,CBASS,ICRA,34,3,0,38,TRUE,,26,IN SPIRAL,
CSC,1,20260210,ESA-TUT-011,CBASS,ICRA,31,2,0,39,TRUE,,27,IN SPIRAL,
CSC,1,20260210,ESA-TUT-011,CBASS,ICRA,27,40,0,36,TRUE,,28,,
CSC,1,20260210,ESA-TUT-011,CBASS,ICRA,32,15,0,37,TRUE,,29,,
BH,3,20260213,ESA-TUT-007,CBASS,AABR,60,60,0,34,TRUE,,1,,
BH,3,20260213,ESA-TUT-007,CBASS,AABR,135,0,0,32,TRUE,,2,,
BH,3,20260213,ESA-TUT-007,CBASS,AABR,105,25,0,36,TRUE,,16,,
KT,1,20260213,ESA-TUT-007,CBASS,AABR,300,15,0,29,TRUE,,26,,
KT,1,20260213,ESA-TUT-007,CBASS,AABR,100,5,0,38,TRUE,,27,,
KT,1,20260213,ESA-TUT-007,CBASS,AABR,115,10,0,31,TRUE,,28,,
BH,3,20260213,ESA-TUT-007,CBASS,AGLO,75,10,0,38,TRUE,,3,,
BH,3,20260213,ESA-TUT-007,CBASS,AGLO,41,5,0,40,TRUE,,5,,
CSC,1,20260213,ESA-TUT-007,CBASS,AGLO,30,3,0,35,TRUE,,21,,
CSC,1,20260213,ESA-TUT-007,CBASS,AGLO,32,15,0,36,TRUE,,22,Funky,
CSC,1,20260213,ESA-TUT-007,CBASS,AGLO,28,10,0,37,TRUE,,23,,
KT,1,20260213,ESA-TUT-007,CBASS,AGLO,50,6,0,30,TRUE,,29,,
KT,3,20260213,ESA-TUT-007,CBASS,AGLO,68,5,0,38,TRUE,,30,,
BH,3,20260213,ESA-TUT-007,CBASS,AGLO,53,55,0,39,TRUE,,31,in spiral,
BH,3,20260213,ESA-TUT-007,CBASS,AGLO,40,10,0,33,TRUE,,33,in spiral,
BH,3,20260213,ESA-TUT-007,CBASS,AGLO,47,0,0,35,TRUE,,34,in spiral,
BH,3,20260213,ESA-TUT-007,CBASS,AGLO,48,5,0,35,TRUE,,35,in spiral,
BH,3,20260213,ESA-TUT-007,CBASS,AHYA,36,0,0,35,TRUE,,32,in spiral,
KT,3,20260214,ESA-TUT-001,CBASS,AABR,103,20,0,33,TRUE,,21,,
KT,3,20260214,ESA-TUT-001,CBASS,AABR,105,10,0,41,TRUE,,22,,
ES,4,20260214,ESA-TUT-001,CBASS,AGLO,48,3,0,36,TRUE,,6,in spiral,
ES,4,20260214,ESA-TUT-001,CBASS,AGLO,81,0,0,36,TRUE,,7,,
ES,4,20260214,ESA-TUT-001,CBASS,AGLO,48,45,0,36,TRUE,,8,,
ES,4,20260214,ESA-TUT-001,CBASS,AGLO,48,7,0,33,TRUE,,9,,
KT,3,20260214,ESA-TUT-001,CBASS,AGLO,50,10,0,34,TRUE,,23,,
KT,3,20260214,ESA-TUT-001,CBASS,AGLO,70,0,0,33,TRUE,,24,,
CSC,1,20260214,ESA-TUT-001,CBASS,AGLO,34,10,0,30,TRUE,,36,,
CSC,1,20260214,ESA-TUT-001,CBASS,AGLO,27,0,0,30,TRUE,,37,in spiral,
CSC,1,20260214,ESA-TUT-001,CBASS,AGLO,28,0,0,32,TRUE,,38,in spiral,
CSC,1,20260214,ESA-TUT-001,CBASS,AGLO,40,25,0,30,TRUE,,39,,
BH,2,20260214,ESA-TUT-001,CBASS,AHYA,30,0,0,32,TRUE,,5,,
KT,3,20260214,ESA-TUT-001,CBASS,ICRA,50,2,0,38,TRUE,,11,,
KT,3,20260214,ESA-TUT-001,CBASS,ICRA,35,1,0,38,TRUE,,12,,
KT,3,20260214,ESA-TUT-001,CBASS,ICRA,37,1,0,34,TRUE,,13,,
KT,3,20260214,ESA-TUT-001,CBASS,ICRA,70,40,0,35,TRUE,,25,,
BH,2,20260214,ESA-TUT-001,CBASS,ICRA,70,70,0,31,TRUE,,26,,
BH,2,20260214,ESA-TUT-001,CBASS,ICRA,65,65,0,35,TRUE,,27,,
BH,2,20260214,ESA-TUT-001,CBASS,ICRA,49,55,0,35,TRUE,,29,,
CSC,1,20260214,ESA-TUT-001,CBASS,ICRA,48,15,0,36,TRUE,,31,,
ES,4,20260216,ESA-TUT-009,CBASS,AABR,225,20,0,33,TRUE,,6,,
ES,4,20260216,ESA-TUT-009,CBASS,AABR,105,5,0,36,TRUE,,7,,
ES,4,20260216,ESA-TUT-009,CBASS,AABR,225,20,0,33,TRUE,,6,,
ES,4,20260216,ESA-TUT-009,CBASS,AABR,105,3,0,36,TRUE,,7,,
ES,4,20260216,ESA-TUT-009,CBASS,AGLO,74,50,0,40,TRUE,,8,,
KT,2,20260216,ESA-TUT-009,CBASS,AGLO,67,1,0,30,TRUE,,16,"thick, chunky, funky polyps at the base",
KT,2,20260216,ESA-TUT-009,CBASS,AGLO,45,1,0,39,TRUE,,17,sort of corymbose but otherwise classic,
KT,2,20260216,ESA-TUT-009,CBASS,AGLO,38,1,0,28,TRUE,,18,,
KT,2,20260216,ESA-TUT-009,CBASS,ICRA,82,7,0,42,TRUE,,19,,
CSC,1,20260216,ESA-TUT-009,CBASS,AGLO,35,3,0,36,TRUE,21,21,in spiral,
CSC,1,20260216,ESA-TUT-009,CBASS,AGLO,70,3,10,30,TRUE,24,22,pale and in sprial,
CSC,1,20260216,ESA-TUT-009,CBASS,AGLO,27,0,20,27,TRUE,23,23,pale and in sprial,
CSC,1,20260216,ESA-TUT-009,CBASS,AGLO,39,0,10,30,TRUE,,24,in spiral,
CSC,1,20260216,ESA-TUT-009,CBASS,AGLO,53,0,0,31,TRUE,,25,,
ES,4,20260216,ESA-TUT-009,CBASS,AGLO,74,50,0,40,TRUE,,8,,
BH,2,20260216,ESA-TUT-009,CBASS,AHYA,47,0,0,39,TRUE,,31,,
BH,2,20260216,ESA-TUT-009,CBASS,AHYA,70,0,0,32,TRUE,,32,,
BH,2,20260216,ESA-TUT-009,CBASS,AHYA,80,0,0,38,TRUE,,33,,
BH,2,20260216,ESA-TUT-009,CBASS,AHYA,125,20,0,34,TRUE,,34,,
BH,2,20260216,ESA-TUT-009,CBASS,AHYA,36,0,0,47,TRUE,,35,,
ES,4,20260216,ESA-TUT-009,CBASS,ICRA,53,5,0,33,TRUE,,9,,
BH,3,20260216,ESA-TUT-009,CBASS,ICRA,64,30,0,27,TRUE,31,36,,
BH,3,20260216,ESA-TUT-009,CBASS,ICRA,50,4,0,28,TRUE,,37,,
BH,3,20260216,ESA-TUT-009,CBASS,ICRA,62,5,0,31,TRUE,,38,,
BH,3,20260216,ESA-TUT-009,CBASS,ICRA,31,20,0,28,TRUE,,39,,
BH,3,20260217,ESA-TUT-010,CBASS,AABR,140,1,0,30,TRUE,,31,,
BH,3,20260217,ESA-TUT-010,CBASS,AABR,94,2,0,40,TRUE,,32,, 
CSC,1,20260217,ESA-TUT-010,CBASS,AGLO,73,15,0,30,TRUE,,21,in sprial,
CSC,1,20260217,ESA-TUT-010,CBASS,AGLO,42,0,0,29,TRUE,,22,,
ES,4,20260217,ESA-TUT-010,CBASS,AGLO,56,8,0,38,TRUE,,11,,
ES,4,20260217,ESA-TUT-010,CBASS,AGLO,29,0,0,35,TRUE,,12,,
ES,4,20260217,ESA-TUT-010,CBASS,AGLO,21,25,0,41,TRUE,,13,,
ES,4,20260217,ESA-TUT-010,CBASS,AGLO,61,6,0,37,TRUE,,14,,
BH,3,20260217,ESA-TUT-010,CBASS,AHYA,81,0,0,29,TRUE,,33,,
BH,3,20260217,ESA-TUT-010,CBASS,AHYA,142,0,0,29,TRUE,,35,,
CSC,1,20260217,ESA-TUT-010,CBASS,ICRA,42,0,0,32,TRUE,,23,,
CSC,1,20260217,ESA-TUT-010,CBASS,ICRA,32,10,0,31,TRUE,,24,,
KT,2,20260217,ESA-TUT-010,CBASS,ICRA,40,3,0,32,TRUE,,36,,
KT,2,20260217,ESA-TUT-010,CBASS,ICRA,50,65,0,40,TRUE,,37,gross sponges in septa,
KT,2,20260217,ESA-TUT-010,CBASS,ICRA,70,15,0,35,TRUE,,38,,
KT,2,20260217,ESA-TUT-010,CBASS,ICRA,45,10,0,38,TRUE,,39,,
BH,3,20260217,ESA-TUT-010,CBASS,ICRA,58,3,0,32,TRUE,,2,,
BH,3,20260217,ESA-TUT-010,CBASS,ICRA,45,35,0,33,TRUE,,3,,
BH,3,20260217,ESA-TUT-010,CBASS,ICRA,67,75,0,38,TRUE,,5,,
BH,3,20260217,ESA-TUT-010,CBASS,ICRA,56,40,0,34,TRUE,,6,,
BH,3,20260219,ESA-TUT-003,CBASS,AABR,73,0,0,40,TRUE,,26,,
BH,3,20260219,ESA-TUT-003,CBASS,AABR,127,0,0,36,TRUE,,27,,
ES,4,20260219,ESA-TUT-003,CBASS,AGLO,46,15,0,31,TRUE,,12,,
ES,4,20260219,ESA-TUT-003,CBASS,AGLO,27,0,0,37,TRUE,,14,,
ES,4,20260219,ESA-TUT-003,CBASS,AGLO,45,5,0,31,TRUE,,15,,
ES,4,20260219,ESA-TUT-003,CBASS,AGLO,36,6,0,36,TRUE,,16,,
BH,3,20260219,ESA-TUT-003,CBASS,AGLO,39,25,0,31,TRUE,,36,,
BH,3,20260219,ESA-TUT-003,CBASS,AGLO,81,35,0,30,TRUE,,38,,
BH,3,20260219,ESA-TUT-003,CBASS,AGLO,44,5,0,30,TRUE,,39,,
BH,3,20260219,ESA-TUT-003,CBASS,AGLO,48,1,0,40,TRUE,,40,,
BH,3,20260219,ESA-TUT-003,CBASS,AHYA,60,20,0,31,TRUE,,29,,
BH,3,20260219,ESA-TUT-003,CBASS,AHYA,72,0,0,36,TRUE,,32,,
CSC,1,20260219,ESA-TUT-003,CBASS,ICRA,49,70,0,38,TRUE,,33,,
CSC,1,20260219,ESA-TUT-003,CBASS,ICRA,50,65,0,33,TRUE,,34,,
CSC,1,20260219,ESA-TUT-003,CBASS,ICRA,32,3,0,37,TRUE,,35,,
CSC,1,20260219,ESA-TUT-003,CBASS,ICRA,18,2,0,31,TRUE,,66,,
KT,2,20260219,ESA-TUT-003,CBASS,ICRA,40,5,0,37,TRUE,,61,,
KT,2,20260219,ESA-TUT-003,CBASS,ICRA,43,30,0,39,TRUE,,62,,
KT,2,20260219,ESA-TUT-003,CBASS,ICRA,47,50,0,34,TRUE,,63,,
KT,2,20260219,ESA-TUT-003,CBASS,ICRA,82,70,0,33,TRUE,,64,,
KT,2,20260220,ESA-TUT-004,CBASS,AABR,160,1,0,39,TRUE,,6,,
KT,2,20260220,ESA-TUT-004,CBASS,AABR,205,45,0,38,TRUE,,7,,
BH,3,20260220,ESA-TUT-004,CBASS,AGLO,52,10,0,39,TRUE,,24,,
BH,3,20260220,ESA-TUT-004,CBASS,AGLO,45,0,0,36,TRUE,,25,,
BH,3,20260220,ESA-TUT-004,CBASS,AGLO,35,10,0,39,TRUE,,21,,
BH,3,20260220,ESA-TUT-004,CBASS,AGLO,30,0,0,38,TRUE,,22,,
ES,4,20260220,ESA-TUT-004,CBASS,AGLO,51,0,0,38,TRUE,10,33,Tagged colony by the pin,
ES,4,20260220,ESA-TUT-004,CBASS,AGLO,32,2,0,38,TRUE,,34,in spiral,
ES,4,20260220,ESA-TUT-004,CBASS,AGLO,35,4,0,38,TRUE,,35,in spiral,
ES,4,20260220,ESA-TUT-004,CBASS,AGLO,48,15,0,39,TRUE,,26,,
ES,4,20260220,ESA-TUT-004,CBASS,AGLO,47,10,0,40,TRUE,,27,,
KT,2,20260220,ESA-TUT-004,CBASS,AHYA,45,10,0,37,TRUE,,10,,
KT,2,20260220,ESA-TUT-004,CBASS,AHYA,27,5,0,38,TRUE,,16,,
KT,2,20260220,ESA-TUT-004,CBASS,ICRA,43,50,0,38,TRUE,,41,,
KT,2,20260220,ESA-TUT-004,CBASS,ICRA,25,3,0,39,TRUE,,42,,
KT,2,20260220,ESA-TUT-004,CBASS,ICRA,55,35,0,40,TRUE,,43,,
KT,2,20260220,ESA-TUT-004,CBASS,ICRA,90,60,0,38,TRUE,,44,,
CSC,1,20260220,ESA-TUT-004,CBASS,ICRA,38,40,0,40,TRUE,,61,,
CSC,1,20260220,ESA-TUT-004,CBASS,ICRA,30,5,0,37,TRUE,,62,,
CSC,1,20260220,ESA-TUT-004,CBASS,ICRA,60,75,0,40,TRUE,,64,,
CSC,1,20260220,ESA-TUT-004,CBASS,ICRA,38,25,0,39,TRUE,,63,,
BH,3,20260223,ESA-TUT-005,CBASS,AABR,420,50,0,39,TRUE,,33,,
BH,3,20260223,ESA-TUT-005,CBASS,AABR,145,10,0,39,TRUE,,34,,
BH,3,20260223,ESA-TUT-005,CBASS,AHYA,115,15,0,38,TRUE,,35,,
BH,3,20260223,ESA-TUT-005,CBASS,AHYA,54,0,0,39,TRUE,,26,,
CSC,1,20260223,ESA-TUT-005,CBASS,ICRA,45,3,0,34,TRUE,,41,some predation,
CSC,1,20260223,ESA-TUT-005,CBASS,ICRA,64,60,0,35,TRUE,,42,,
CSC,1,20260223,ESA-TUT-005,CBASS,ICRA,125,70,0,31,TRUE,,43,,
CSC,1,20260223,ESA-TUT-005,CBASS,ICRA,34,30,0,31,TRUE,,44,,
ES,4,20260223,ESA-TUT-005,CBASS,ICRA,98,35,0,38,TRUE,,16,,
ES,4,20260223,ESA-TUT-005,CBASS,ICRA,67,65,0,37,TRUE,,17,,
ES,4,20260223,ESA-TUT-005,CBASS,ICRA,107,55,0,35,TRUE,,18,,
ES,4,20260223,ESA-TUT-005,CBASS,ICRA,64,10,0,34,TRUE,,19,,
BH,3,20260223,ESA-TUT-005,CBASS,ICRA,36,30,0,37,TRUE,,21,,
BH,3,20260223,ESA-TUT-005,CBASS,ICRA,70,10,0,34,TRUE,,22,,
BH,3,20260223,ESA-TUT-005,CBASS,ICRA,75,50,0,34,TRUE,,23,,
BH,3,20260223,ESA-TUT-005,CBASS,ICRA,65,70,0,32,TRUE,,24,,
KT,2,20260223,ESA-TUT-005,CBASS,ICRA,38,50,0,37,TRUE,,36,,
KT,2,20260223,ESA-TUT-005,CBASS,ICRA,67,75,0,33,TRUE,,37,,
KT,2,20260223,ESA-TUT-005,CBASS,ICRA,30,1,0,34,TRUE,,38,,
KT,2,20260223,ESA-TUT-005,CBASS,ICRA,52,25,0,32,TRUE,,39,,
ES,1,20260211,ESA-TUT-006,Sophie,AABR,,45,,25,TRUE,,29,,
ES,1,20260211,ESA-TUT-006,Sophie,AABR,,5,,34,TRUE,,34,,
ES,1,20260211,ESA-TUT-006,Sophie,AABR,,30,,29,TRUE,,35,,
ES,1,20260211,ESA-TUT-006,Sophie,AABR,,30,,21,TRUE,,36,,
ES,1,20260211,ESA-TUT-006,Sophie,AABR,,40,,22,TRUE,,37,,
BH,1,20260211,OCC-TUT-022,Sophie,AABR,,,,35,TRUE,,23,,
CSC,1,20260211,ESA-TUT-002,Sophie,AGLO,,,,22,TRUE,39,1,IN SPIRAL ; TAG 39,
CSC,1,20260211,ESA-TUT-002,Sophie,AGLO,,,,22,TRUE,,2,,
CSC,1,20260211,ESA-TUT-002,Sophie,AGLO,,,,28,TRUE,,3,,
CSC,1,20260211,ESA-TUT-002,Sophie,AGLO,,,,27,TRUE,,7,IN SPIRAL,
CSC,1,20260211,ESA-TUT-002,Sophie,AGLO,,,,21,TRUE,,8,,
CSC,1,20260211,ESA-TUT-002,Sophie,AGLO,,,,21,TRUE,,9,BB,
CSC,1,20260211,ESA-TUT-002,Sophie,AGLO,,,,,TRUE,,10,,
BH,1,20260211,OCC-TUT-022,Sophie,AGLO,,,,44,TRUE,4,16,,
BH,1,20260211,OCC-TUT-022,Sophie,AGLO,,,,43,TRUE,3,17,,
BH,1,20260211,OCC-TUT-022,Sophie,AGLO,,,,43,TRUE,,18,,
BH,1,20260211,OCC-TUT-022,Sophie,AGLO,,,,41,TRUE,,19,,
BH,1,20260211,OCC-TUT-022,Sophie,AGLO,,,,37,TRUE,,20,,
CSC,1,20260211,ESA-TUT-002,Sophie,AHYA,,,,22,TRUE,,5,Unsure if AHYA,
CSC,1,20260211,ESA-TUT-002,Sophie,AHYA,,,,22,TRUE,,6,Unsure if AHYA,
BH,1,20260211,OCC-TUT-022,Sophie,AHYA,,,,36,TRUE,,21,,
BH,1,20260211,OCC-TUT-022,Sophie,AHYA,,,,44,TRUE,,22,,
BH,1,20260211,OCC-TUT-022,Sophie,AHYA,,,,29,TRUE,,24,,
BH,1,20260211,OCC-TUT-022,Sophie,AHYA,,,,32,TRUE,,25,,
BH,3,20260211,ESA-TUT-006,Sophie,ICRA,,,,28,TRUE,,11,IN SPIRAL,
BH,3,20260211,ESA-TUT-006,Sophie,ICRA,,,,27,TRUE,,12,IN SPIRAL,
BH,3,20260211,ESA-TUT-006,Sophie,ICRA,,,,32,TRUE,,13,IN SPIRAL,
ES,1,20260211,ESA-TUT-006,Sophie,ICRA,,,,24,TRUE,,26,,
ES,1,20260211,ESA-TUT-006,Sophie,ICRA,,,,24,TRUE,,27,,
ES,1,20260211,ESA-TUT-006,Sophie,ICRA,,50,,25,TRUE,,28,,
ES,1,20260211,ESA-TUT-006,Sophie,ICRA,,5,,33,TRUE,,30,,
ES,1,20260211,ESA-TUT-006,Sophie,ICRA,,5,,30,TRUE,,31,,
ES,1,20260211,ESA-TUT-006,Sophie,ICRA,,45,,37,TRUE,,32,,
ES,1,20260211,ESA-TUT-006,Sophie,ICRA,,0,,40,TRUE,,33,,
ES,1,20260211,ESA-TUT-006,Sophie,ICRA,,55,,32,TRUE,,38,,
KT,2,20260213,OCC-TUT-002,Sophie,AGLO,,,,,TRUE,1,11,,
KT,2,20260213,OCC-TUT-002,Sophie,AGLO,,,,,TRUE,2,12,,
KT,2,20260213,OCC-TUT-002,Sophie,AGLO,,,,,TRUE,,13,no tag and funky,
CSC,1,20260214,ESA-TUT-008,Sophie,AGLO,,,,,,27,16,BB,
CSC,1,20260214,ESA-TUT-008,Sophie,AGLO,,,,,,17,17,,
CSC,1,20260214,ESA-TUT-008,Sophie,AGLO,,,,,,19,18,,
SW,3,20260218,ESA-TUT-006D,Sophie,AGLO,,,,51,,,35,Brown ,
ES,4,20260218,ESA-TUT-006D,Sophie,AGLO,,,,64,,,2,Brown ,
ES,4,20260218,ESA-TUT-006D,Sophie,AGLO,,,,57,,,5,Brown ,
ES,4,20260218,ESA-TUT-006D,Sophie,AGLO,,,,57,,,71,Yellow,
ES,4,20260218,ESA-TUT-006D,Sophie,AGLO,,,,58,,,72,Brown ,
ES,4,20260218,ESA-TUT-006D,Sophie,AGLO,,,,58,,,73,Yellow,
ES,4,20260218,ESA-TUT-006D,Sophie,AGLO,,,,55,,,74,Brown ,
KT,4,20260218,ESA-TUT-006D,Sophie,AGLO,,,,57,,,41,Green;polyps a bit funky,
KT,4,20260218,ESA-TUT-006D,Sophie,AGLO,,,,50,,,42,Brown ,
KT,4,20260218,ESA-TUT-006D,Sophie,AGLO,,,,50,,,43,Brown; collected 2,
KT,4,20260218,ESA-TUT-006D,Sophie,AGLO,,,,54,,,44,"Green, some funky polyps",
KT,4,20260218,ESA-TUT-006D,Sophie,AGLO,,,,50,,,45,,
KT,4,20260218,ESA-TUT-006D,Sophie,AGLO,,,,53,,,19,,
BH,2,20260218,ESA-TUT-006D,Sophie,AGLO,,,,57,,,21,,
BH,2,20260218,ESA-TUT-006D,Sophie,AGLO,,,,50,,,22,,
BH,2,20260218,ESA-TUT-006D,Sophie,AGLO,,,,55,,,23,,
BH,2,20260218,ESA-TUT-006D,Sophie,AGLO,,,,57,,,24,,
BH,2,20260218,ESA-TUT-006D,Sophie,AGLO,,,,60,,,25,,
BH,2,20260218,ESA-TUT-006D,Sophie,AGLO,,,,60,,,31,,
BH,2,20260218,ESA-TUT-006D,Sophie,AGLO,,,,60,,,32,,
BH,2,20260218,ESA-TUT-006D,Sophie,AGLO,,,,60,,,16,,
BH,2,20260218,ESA-TUT-006D,Sophie,AGLO,,,,57,,,26,,
BH,2,20260218,ESA-TUT-006D,Sophie,AGLO,,,,51,,,27,,
BH,2,20260218,ESA-TUT-006D,Sophie,AGLO,,,,50,,,29,,
BH,2,20260218,ESA-TUT-006D,Sophie,AGLO,,,,52,,,20,,
BH,2,20260218,ESA-TUT-006D,Sophie,AGLO,,,,50,,,17,,
BH,2,20260218,ESA-TUT-006D,Sophie,AGLO,,,,51,,,18,,
SW,3,20260218,ESA-TUT-006D,Sophie,PVER,,,,54,,,61,Brown ,
SW,3,20260218,ESA-TUT-006D,Sophie,PVER,,,,50,,,62,Brown ,
SW,3,20260218,ESA-TUT-006D,Sophie,PVER,,,,56,,,63,Brown ,
SW,3,20260218,ESA-TUT-006D,Sophie,PVER,,,,57,,,64,Brown ,
SW,3,20260218,ESA-TUT-006D,Sophie,PVER,,,,53,,,65,Brown ,
SW,3,20260218,ESA-TUT-006D,Sophie,PVER,,,,52,,,66,Brown ,
SW,3,20260218,ESA-TUT-006D,Sophie,PVER,,,,53,,,67,Brown ,
SW,3,20260218,ESA-TUT-006D,Sophie,PVER,,,,52,,,68,Brown ,
SW,3,20260218,ESA-TUT-006D,Sophie,PVER,,,,53,,,69,Brown ,
SW,3,20260218,ESA-TUT-006D,Sophie,PVER,,,,56,,,70,Brown ,
SW,3,20260218,ESA-TUT-006D,Sophie,PVER,,,,50,,,34,Brown ,
CSC,1,20260218,ESA-TUT-006D,Sophie,PVER,,,,53,,,38,Brown,
CSC,1,20260218,ESA-TUT-006D,Sophie,PVER,,,,51,,,39,Brown,
CSC,1,20260218,ESA-TUT-006D,Sophie,PVER,,,,56,,,40,Brown,
CSC,1,20260218,ESA-TUT-006D,Sophie,PVER,,,,55,,,37,Purple,
CSC,1,20260218,ESA-TUT-006D,Sophie,PVER,,,,53,,,36,Brown,
CSC,1,20260218,ESA-TUT-006D,Sophie,PVER,,,,50,,,7,Brown,
CSC,1,20260218,ESA-TUT-006D,Sophie,PVER,,,,57,,,6,Brown,
CSC,1,20260218,ESA-TUT-006D,Sophie,PVER,,,,59,,,10,Brown,
CSC,1,20260218,ESA-TUT-006D,Sophie,PVER,,,,50,,,12,Brown,
CSC,1,20260218,ESA-TUT-006D,Sophie,PVER,,,,50,,,15,Brown,
CSC,1,20260218,ESA-TUT-006D,Sophie,PVER,,,,54,,,14,Brown,
CSC,1,20260218,ESA-TUT-006D,Sophie,PVER,,,,50,,,13,Brown,
CSC,1,20260218,ESA-TUT-006D,Sophie,PVER,,,,50,,,33,Brown,
ES,4,20260219,ESA-TUT-003,Sophie,AGLO,29,0,0,29,TRUE,6,13,sampled 1 branch for Sophie- colony was too shallow,
BH,3,20260223,ESA-TUT-005,Sophie,AGLO,37,15,0,48,TRUE,12,31,Only collected for sophie,
BH,3,20260223,ESA-TUT-005,Sophie,AGLO,37,5,0,50,TRUE,11,32,,
BH,3,20260224,ESA-TUT-006S,Sophie,AGLO,,,,18,TRUE,,23,,
BH,3,20260224,ESA-TUT-006S,Sophie,AGLO,,,,19,TRUE,,22,,
BH,3,20260224,ESA-TUT-006S,Sophie,AGLO,,,,16,TRUE,,24,,
BH,3,20260224,ESA-TUT-006S,Sophie,AGLO,,,,14,TRUE,,25,,
BH,3,20260224,ESA-TUT-006S,Sophie,AGLO,,,,19,TRUE,,21,,
BH,3,20260224,ESA-TUT-006S,Sophie,AGLO,,,,19,TRUE,,31,,
BH,3,20260224,ESA-TUT-006S,Sophie,AGLO,,,,19,TRUE,,32,,
BH,3,20260224,ESA-TUT-006S,Sophie,AGLO,,,,21,TRUE,,33,,
BH,3,20260224,ESA-TUT-006S,Sophie,AGLO,,,,22,TRUE,,34,,
BH,3,20260224,ESA-TUT-006S,Sophie,AGLO,,,,27,TRUE,,35,yellow,
ES,3,20260224,ESA-TUT-006S,Sophie,AGLO,,,,17,TRUE,,2,yellow,
ES,3,20260224,ESA-TUT-006S,Sophie,AGLO,,,,20,TRUE,,5,brown,
ES,3,20260224,ESA-TUT-006S,Sophie,AGLO,,,,22,TRUE,,6,brown,
ES,3,20260224,ESA-TUT-006S,Sophie,AGLO,,,,21,TRUE,,7,brown; a little funky,
ES,3,20260224,ESA-TUT-006S,Sophie,AGLO,,,,22,TRUE,,10,brown,
ES,3,20260224,ESA-TUT-006S,Sophie,AGLO,,,,23,TRUE,13,16,brown,
ES,3,20260224,ESA-TUT-006S,Sophie,AGLO,,,,22,TRUE,,17,brown; a little funky,
ES,3,20260224,ESA-TUT-006S,Sophie,AGLO,,,,21,TRUE,,18,yellow,
ES,3,20260224,ESA-TUT-006S,Sophie,AGLO,,,,30,TRUE,,20,brown,
CSC,1,20260224,ESA-TUT-006S,Sophie,AGLO,,,,27,,,19,,
BH,3,20260224,OCC-TUT-017,Sophie,AGLO,50,0,0,50,TRUE,8,66,,
CSC,1,20260224,ESA-TUT-006S,Sophie,PVER,,,,20,,,71,,
CSC,1,20260224,ESA-TUT-006S,Sophie,PVER,,,,10,,,72,,
CSC,1,20260224,ESA-TUT-006S,Sophie,PVER,,,,10,,,73,,
CSC,1,20260224,ESA-TUT-006S,Sophie,PVER,,,,13,,,74,,
CSC,1,20260224,ESA-TUT-006S,Sophie,PVER,,,,14,,,75,,
CSC,1,20260224,ESA-TUT-006S,Sophie,PVER,,,,20,,,44,,
CSC,1,20260224,ESA-TUT-006S,Sophie,PVER,,,,14,,,43,,
CSC,1,20260224,ESA-TUT-006S,Sophie,PVER,,,,19,,,45,,
CSC,1,20260224,ESA-TUT-006S,Sophie,PVER,,,,16,,,41,,
CSC,1,20260224,ESA-TUT-006S,Sophie,PVER,,,,18,,,42,,
SW,2,20260224,ESA-TUT-006S,Sophie,PVER,,,,17,,,26,,
SW,2,20260224,ESA-TUT-006S,Sophie,PVER,,,,17,,,27,,
SW,2,20260224,ESA-TUT-006S,Sophie,PVER,,,,13,,,29,,
SW,2,20260224,ESA-TUT-006S,Sophie,PVER,,,,15,,,36,,
SW,2,20260224,ESA-TUT-006S,Sophie,PVER,,,,11,,,38,,
SW,2,20260224,ESA-TUT-006S,Sophie,PVER,,,,11,,,39,,
SW,2,20260224,ESA-TUT-006S,Sophie,PVER,,,,11,,,40,,
SW,2,20260224,ESA-TUT-006S,Sophie,PVER,,,,12,,,12,,
SW,2,20260224,ESA-TUT-006S,Sophie,PVER,,,,11,,,13,,
SW,2,20260224,ESA-TUT-006S,Sophie,PVER,,,,19,,,14,,
SW,2,20260224,ESA-TUT-006S,Sophie,PVER,,,,21,,,15,,