"SampleID_clean","site","species","genotype","K_3","K_4","K_5","K_6","K_7","K_8","K_9","K_10","K_11","K_12","K_13","K_14","K_15"
"t1_aabr1","1","aabr","1",1,1,1,1,1,1,1,1,1,1,1,1,1
"t1_aabr2","1","aabr","2",1,1,1,1,1,1,1,1,1,1,1,1,1
"t1_aglo1","1","aglo","1",1,1,2,2,2,2,2,2,2,2,2,2,2
"t1_aglo10","1","aglo","10",1,1,1,1,1,1,3,3,3,3,3,3,3
"t1_aglo2","1","aglo","2",1,1,2,2,2,2,2,2,2,2,2,2,2
"t1_aglo3","1","aglo","3",1,1,1,1,1,1,3,3,3,3,3,3,3
"t1_aglo4","1","aglo","4",1,1,2,2,2,3,4,4,4,4,4,4,4
"t1_aglo5","1","aglo","5",1,1,1,1,1,1,1,1,1,1,1,1,1
"t1_aglo6","1","aglo","6",1,1,1,1,1,1,3,3,3,3,3,3,3
"t1_aglo7","1","aglo","7",1,1,1,1,1,1,1,1,1,1,1,1,1
"t1_aglo8","1","aglo","8",1,1,2,2,2,2,2,2,2,2,2,2,2
"t1_aglo9","1","aglo","9",1,1,2,2,2,2,2,2,2,2,2,2,2
"t1_ahya1","1","ahya","1",1,1,1,1,1,1,3,3,3,3,3,3,3
"t1_icra1","1","icra","1",2,2,3,3,3,4,5,5,5,5,5,5,5
"t1_icra2","1","icra","2",2,2,3,3,3,4,5,5,5,5,5,5,5
"t1_icra3","1","icra","3",2,2,3,3,3,4,5,5,5,5,5,5,5
"t1_icra4","1","icra","4",2,2,3,3,4,5,6,6,6,6,6,6,6
"t1_icra5","1","icra","5",2,3,4,4,5,6,7,7,7,7,7,7,7
"t1_icra6","1","icra","6",2,2,3,3,4,5,6,6,6,6,8,8,8
"t1_icra7","1","icra","7",2,2,3,3,4,5,6,6,6,6,6,6,6
"t1_icra8","1","icra","8",2,3,4,4,5,6,7,7,7,7,7,7,7
"t10_aabr1","10","aabr","1",1,1,2,2,2,2,2,2,2,2,2,2,2
"t10_aabr2","10","aabr","2",1,1,1,1,1,1,1,1,1,1,1,1,1
"t10_aglo1","10","aglo","1",1,1,2,2,2,2,2,2,2,2,2,2,2
"t10_aglo2","10","aglo","2",1,1,2,2,2,2,2,2,2,2,2,2,2
"t10_aglo3","10","aglo","3",1,1,1,1,1,1,3,3,3,3,3,3,3
"t10_aglo4","10","aglo","4",1,1,1,1,1,1,3,3,3,3,3,3,3
"t10_aglo5","10","aglo","5",1,1,2,2,2,2,2,2,2,2,2,2,2
"t10_aglo6","10","aglo","6",1,1,2,2,2,2,2,2,2,2,2,2,2
"t10_ahya1","10","ahya","1",1,1,1,1,1,1,1,1,1,1,1,1,1
"t10_ahya2","10","ahya","2",1,1,1,1,1,1,3,3,3,3,3,3,3
"t10_icra1","10","icra","1",2,2,3,3,4,5,6,6,6,6,6,6,6
"t10_icra10","10","icra","10",2,2,3,3,4,5,6,6,6,6,8,8,8
"t10_icra2","10","icra","2",2,2,3,3,3,4,5,5,5,5,5,9,9
"t10_icra3","10","icra","3",2,2,3,3,3,4,5,5,8,8,9,10,10
"t10_icra4","10","icra","4",2,2,3,3,4,5,6,6,6,6,8,8,8
"t10_icra5","10","icra","5",2,2,3,3,4,5,6,6,6,6,8,8,8
"t10_icra6","10","icra","6",2,2,3,3,4,5,6,6,6,6,8,8,8
"t10_icra7","10","icra","7",2,2,3,3,4,5,6,6,6,6,6,6,6
"t10_icra8","10","icra","8",2,2,3,3,4,5,6,6,6,6,6,6,6
"t10_icra9","10","icra","9",2,2,3,3,4,5,6,6,6,6,6,6,6
"t11_aabr1","11","aabr","1",3,4,5,5,6,7,8,8,9,9,10,11,11
"t11_aabr2","11","aabr","2",3,4,5,5,6,7,8,8,9,9,10,11,11
"t11_aabr3","11","aabr","3",3,4,5,5,6,7,8,8,9,9,10,11,11
"t11_aglo1","11","aglo","1",3,4,5,5,6,7,8,8,9,9,10,11,11
"t11_aglo2","11","aglo","2",3,4,5,6,7,8,9,9,10,10,11,12,12
"t11_aglo3","11","aglo","3",3,4,5,5,6,7,8,8,9,9,10,11,11
"t11_aglo4","11","aglo","4",3,4,5,6,7,8,9,9,10,10,11,12,12
"t11_aglo5","11","aglo","5",3,4,5,5,6,7,8,8,9,9,10,11,11
"t11_aglo6","11","aglo","6",3,4,5,6,7,8,9,9,10,10,11,12,12
"t11_aglo7","11","aglo","7",3,4,5,5,6,7,8,8,9,9,10,11,11
"t11_aglo8","11","aglo","8",3,4,5,5,6,7,8,8,9,9,10,11,11
"t11_aglo9","11","aglo","9",3,4,5,6,7,8,9,9,10,10,11,12,12
"t11_ahya1","11","ahya","1",1,1,1,1,1,1,3,3,3,3,3,3,3
"t11_ahya2","11","ahya","2",1,1,1,1,1,1,3,3,3,3,3,3,3
"t11_icra1","11","icra","1",2,2,3,3,3,4,5,5,8,8,9,10,10
"t11_icra10","11","icra","10",1,1,2,2,2,2,2,2,2,2,2,2,2
"t11_icra2","11","icra","2",2,2,3,3,3,4,5,5,8,8,9,10,10
"t11_icra3","11","icra","3",1,1,2,2,2,3,4,4,4,4,4,4,4
"t11_icra4","11","icra","4",2,2,3,3,3,4,5,5,8,8,9,10,10
"t11_icra5","11","icra","5",1,1,2,2,2,2,2,2,2,2,2,2,2
"t11_icra6","11","icra","6",2,2,3,3,3,4,5,5,8,8,9,10,10
"t11_icra7","11","icra","7",2,2,3,3,3,4,5,5,8,8,9,10,10
"t11_icra8","11","icra","8",1,1,2,2,2,2,2,2,2,2,2,2,2
"t11_icra9","11","icra","9",2,2,3,3,3,4,5,5,8,8,9,10,10
"t3_aabr1","3","aabr","1",1,1,2,2,2,3,4,4,4,4,4,4,4
"t3_aabr2","3","aabr","2",1,1,2,2,2,2,2,2,2,2,2,2,2
"t3_aglo1","3","aglo","1",1,1,2,2,2,2,2,2,2,2,2,2,2
"t3_aglo2","3","aglo","2",1,1,2,2,2,2,2,2,2,2,2,2,2
"t3_aglo3","3","aglo","3",2,2,3,3,3,4,5,5,8,8,9,10,10
"t3_aglo4","3","aglo","4",1,1,2,2,2,3,4,4,4,4,4,4,4
"t3_aglo5","3","aglo","5",1,1,1,1,1,1,1,1,1,1,1,1,1
"t3_aglo6","3","aglo","6",1,1,2,2,2,2,2,2,2,2,2,2,2
"t3_aglo7","3","aglo","7",1,1,2,2,2,2,2,2,2,2,2,2,2
"t3_aglo8","3","aglo","8",1,1,2,2,2,2,2,2,2,2,2,2,2
"t3_aglo9","3","aglo","9",1,1,1,1,1,1,1,1,1,1,1,1,1
"t3_ahya1","3","ahya","1",1,1,2,2,2,3,4,4,4,4,4,4,4
"t3_ahya2","3","ahya","2",1,1,1,1,1,1,1,1,1,1,1,1,1
"t3_icra1","3","icra","1",2,3,4,4,5,6,7,7,7,7,7,7,7
"t3_icra2","3","icra","2",2,3,4,4,5,6,7,10,11,11,12,13,13
"t3_icra3","3","icra","3",2,3,4,4,5,6,7,10,11,11,12,13,13
"t3_icra4","3","icra","4",2,3,4,4,5,6,7,10,11,11,12,13,13
"t3_icra5","3","icra","5",2,3,4,4,5,6,7,10,11,11,12,13,13
"t3_icra6","3","icra","6",2,3,4,4,5,6,7,7,7,7,7,7,7
"t3_icra7","3","icra","7",2,2,3,3,4,5,6,6,6,6,6,6,6
"t3_icra8","3","icra","8",2,3,4,4,5,6,7,7,7,7,7,7,7
"t4_aabr1","4","aabr","1",1,1,2,2,2,3,4,4,4,4,4,4,4
"t4_aabr2","4","aabr","2",1,1,2,2,2,3,4,4,4,4,4,4,4
"t4_aglo1","4","aglo","1",1,1,1,1,1,1,1,1,1,1,1,1,1
"t4_aglo2","4","aglo","2",1,1,1,1,1,1,3,3,3,3,3,3,3
"t4_aglo3","4","aglo","3",1,1,1,1,1,1,1,1,1,1,1,1,1
"t4_aglo4","4","aglo","4",1,1,1,1,1,1,1,1,1,1,1,1,1
"t4_aglo5","4","aglo","5",1,1,1,1,1,1,3,3,3,3,3,3,3
"t4_aglo6","4","aglo","6",1,1,2,2,2,3,4,4,4,4,4,4,4
"t4_aglo7","4","aglo","7",2,2,3,3,3,4,5,5,8,8,9,10,10
"t4_aglo8","4","aglo","8",1,1,1,1,1,1,1,1,1,1,1,1,1
"t4_aglo9","4","aglo","9",1,1,1,1,1,1,1,1,1,1,1,1,1
"t4_ahya1","4","ahya","1",1,1,1,1,1,1,1,1,1,1,1,1,1
"t4_ahya2","4","ahya","2",1,1,1,1,1,1,1,1,1,1,1,1,1
"t4_icra1","4","icra","1",2,3,4,4,5,6,7,10,11,11,12,13,13
"t4_icra2","4","icra","2",2,3,4,4,5,6,7,10,11,11,12,13,13
"t4_icra3","4","icra","3",2,3,4,4,5,6,7,7,7,7,7,7,7
"t4_icra4","4","icra","4",2,2,3,3,4,5,6,6,6,6,6,6,6
"t4_icra5","4","icra","5",2,3,4,4,5,6,7,10,11,11,12,13,13
"t4_icra6","4","icra","6",2,3,4,4,5,6,7,10,11,11,12,13,13
"t4_icra7","4","icra","7",2,3,4,4,5,6,7,10,11,11,12,13,13
"t4_icra8","4","icra","8",2,3,4,4,5,6,7,7,7,7,7,7,7
"t5_aabr1","5","aabr","1",1,1,1,1,1,1,1,1,1,1,1,1,1
"t5_aabr2","5","aabr","2",1,1,1,1,1,1,1,1,1,1,1,1,1
"t5_aglo1","5","aglo","1",1,1,2,2,2,3,4,4,4,4,4,4,4
"t5_aglo2","5","aglo","2",1,1,2,2,2,3,4,4,4,4,4,4,4
"t5_ahya1","5","ahya","1",1,1,1,1,1,1,1,1,1,1,1,1,1
"t5_ahya2","5","ahya","2",1,1,1,1,1,1,1,1,1,1,1,1,1
"t5_icra1","5","icra","1",2,3,4,4,5,6,7,7,7,7,7,7,7
"t5_icra10","5","icra","10",2,3,4,4,5,6,7,7,7,7,7,7,7
"t5_icra11","5","icra","11",2,2,3,3,4,5,6,6,6,6,6,6,6
"t5_icra12","5","icra","12",2,2,3,3,4,5,6,6,6,6,6,6,6
"t5_icra13","5","icra","13",2,2,3,3,4,5,6,6,6,6,8,8,8
"t5_icra14","5","icra","14",2,2,3,3,4,5,6,6,6,6,6,6,6
"t5_icra15","5","icra","15",2,3,4,4,5,6,7,10,11,11,12,13,13
"t5_icra16","5","icra","16",2,3,4,4,5,6,7,10,11,12,13,14,14
"t5_icra2","5","icra","2",2,3,4,4,5,6,7,10,11,11,12,13,13
"t5_icra3","5","icra","3",2,3,4,4,5,6,7,10,11,11,12,13,13
"t5_icra4","5","icra","4",2,2,3,3,4,5,6,6,6,6,6,6,6
"t5_icra5","5","icra","5",2,2,3,3,4,5,6,6,6,6,6,6,6
"t5_icra6","5","icra","6",2,3,4,4,5,6,7,10,11,11,12,13,13
"t5_icra7","5","icra","7",2,2,3,3,4,5,6,6,6,6,6,6,6
"t5_icra8","5","icra","8",2,3,4,4,5,6,7,7,7,7,7,7,7
"t5_icra9","5","icra","9",2,3,4,4,5,6,7,10,11,11,12,13,13
"t7_aabr1","7","aabr","1",3,4,5,6,7,8,9,9,10,10,11,12,12
"t7_aabr2","7","aabr","2",3,4,5,5,6,7,8,8,9,9,10,11,15
"t7_aabr3","7","aabr","3",3,4,5,5,6,7,8,8,9,9,10,11,11
"t7_aabr4","7","aabr","4",3,4,5,5,6,7,8,8,9,9,10,11,15
"t7_aabr5","7","aabr","5",3,4,5,6,7,8,9,9,10,10,11,12,12
"t7_aabr6","7","aabr","6",3,4,5,5,6,7,8,8,9,9,10,11,15
"t7_aglo1","7","aglo","1",3,4,5,5,6,7,8,8,9,9,10,11,15
"t7_aglo10","7","aglo","10",3,4,5,5,6,7,8,8,9,9,10,11,11
"t7_aglo11","7","aglo","11",3,4,5,5,6,7,8,8,9,9,10,11,15
"t7_aglo2","7","aglo","2",3,4,5,6,7,8,9,9,10,10,11,12,12
"t7_aglo3","7","aglo","3",3,4,5,6,7,8,9,9,10,10,11,12,12
"t7_aglo4","7","aglo","4",3,4,5,5,6,7,8,8,9,9,10,11,11
"t7_aglo5","7","aglo","5",3,4,5,6,7,8,9,9,10,10,11,12,12
"t7_aglo6","7","aglo","6",3,4,5,6,7,8,9,9,10,10,11,12,12
"t7_aglo7","7","aglo","7",3,4,5,6,7,8,9,9,10,10,11,12,12
"t7_aglo8","7","aglo","8",3,4,5,5,6,7,8,8,9,9,10,11,11
"t7_aglo9","7","aglo","9",3,4,5,5,6,7,8,8,9,9,10,11,15
"t7_ahya1","7","ahya","1",1,1,2,2,2,2,2,2,2,2,2,2,2
"t8_aglo11","8","aglo","11",1,1,2,2,2,2,2,2,2,2,2,2,2
"t8_aglo12","8","aglo","12",1,1,2,2,2,2,2,2,2,2,2,2,2
"t8_aglo13","8","aglo","13",1,1,1,1,1,1,3,3,3,3,3,3,3
"t9_aabr1","9","aabr","1",2,2,3,3,3,4,5,5,8,8,9,10,10
"t9_aabr2","9","aabr","2",1,1,2,2,2,2,2,2,2,2,2,2,2
"t9_aglo1","9","aglo","1",1,1,2,2,2,3,4,4,4,4,4,4,4
"t9_aglo2","9","aglo","2",1,1,1,1,1,1,1,1,1,1,1,1,1
"t9_aglo3","9","aglo","3",1,1,1,1,1,1,3,3,3,3,3,3,3
"t9_aglo4","9","aglo","4",1,1,1,1,1,1,3,3,3,3,3,3,3
"t9_aglo5","9","aglo","5",1,1,2,2,2,2,2,2,2,2,2,2,2
"t9_aglo6","9","aglo","6",1,1,1,1,1,1,3,3,3,3,3,3,3
"t9_aglo7","9","aglo","7",1,1,1,1,1,1,3,3,3,3,3,3,3
"t9_aglo8","9","aglo","8",1,1,1,1,1,1,3,3,3,3,3,3,3
"t9_aglo9","9","aglo","9",1,1,1,1,1,1,3,3,3,3,3,3,3
"t9_ahya1","9","ahya","1",1,1,2,2,2,3,4,4,4,4,4,4,4
"t9_ahya2","9","ahya","2",1,1,2,2,2,3,4,4,4,4,4,4,4
"t9_ahya3","9","ahya","3",1,1,2,2,2,3,4,4,4,4,4,4,4
"t9_ahya4","9","ahya","4",1,1,2,2,2,3,4,4,4,4,4,4,4
"t9_ahya5","9","ahya","5",1,1,1,1,1,1,1,1,1,1,1,1,1
"t9_icra1","9","icra","1",2,2,3,3,3,4,5,5,5,5,5,9,9
"t9_icra2","9","icra","2",2,2,3,3,4,5,6,6,6,6,6,6,6
"t9_icra4","9","icra","4",2,3,4,4,5,6,7,7,7,7,7,7,7
"t9_icra5","9","icra","5",2,2,3,3,3,4,5,5,5,5,5,9,9
"t9_icra6","9","icra","6",2,2,3,3,3,4,5,5,5,5,5,9,9
